Country Name,Country Code,Indicator Name,Indicator Code,1960,1961,1962,1963,1964,1965,1966,1967,1968,1969,1970,1971,1972,1973,1974,1975,1976,1977,1978,1979,1980,1981,1982,1983,1984,1985,1986,1987,1988,1989,1990,1991,1992,1993,1994,1995,1996,1997,1998,1999,2000,2001,2002,2003,2004,2005,2006,2007,2008,2009,2010,2011,2012,2013,2014,2015,2016,2017,2018,2019,2020,2021
Aruba,ABW,Renewable internal freshwater resources per capita (cubic meters),ER.H2O.INTR.PC,,,,,,,,,,,,,,,,,,,,,,,,,,,,,,,,,,,,,,,,,,,,,,,,,,,,,,,,,,,,,,
Africa Eastern and Southern,AFE,Renewable internal freshwater resources per capita (cubic meters),ER.H2O.INTR.PC,,,17887.78687,,,,,15681.66038,,,,,13668.41149,,,,,11750.43802,,,,,10072.13636,,,,,8719.4182,,,,,7579.28124,,,,,5792.896496,,,,,5095.339082,,,,,4470.264436,,,,,3626.855554,,,,,3169.935163,3087.622821,,,
Afghanistan,AFG,Renewable internal freshwater resources per capita (cubic meters),ER.H2O.INTR.PC,,,5042.003148,,,,,4533.681746,,,,,3998.737366,,,,,3579.754578,,,,,3659.998767,,,,,4063.065673,,,,,3254.969455,,,,,2435.795479,,,,,2086.211738,,,,,1739.817602,,,,,1513.090981,,,,,1299.037244,1268.430511,,,
Africa Western and Central,AFW,Renewable internal freshwater resources per capita (cubic meters),ER.H2O.INTR.PC,,,18888.64214,,,,,16920.75338,,,,,15040.90106,,,,,13218.88764,,,,,11527.37094,,,,,10051.64613,,,,,8790.03585,,,,,7698.029814,,,,,6735.819242,,,,,5882.227982,,,,,5127.551129,,,,,4479.883695,4361.929784,,,
Angola,AGO,Renewable internal freshwater resources per capita (cubic meters),ER.H2O.INTR.PC,,,26388.52213,,,,,25630.19098,,,,,23683.92206,,,,,19644.76426,,,,,16530.82535,,,,,13845.68997,,,,,11692.80073,,,,,9951.873279,,,,,8447.769212,,,,,7079.524103,,,,,5894.553214,,,,,4963.649817,4803.668393,,,
Albania,ALB,Renewable internal freshwater resources per capita (cubic meters),ER.H2O.INTR.PC,,,15718.86948,,,,,13685.40261,,,,,11992.19304,,,,,10702.01222,,,,,9661.391571,,,,,8723.555708,,,,,8284.470867,,,,,8544.345311,,,,,8816.752485,,,,,9057.187215,,,,,9274.579618,,,,,9361.54604,9384.672492,,,
Andorra,AND,Renewable internal freshwater resources per capita (cubic meters),ER.H2O.INTR.PC,,,20521.49034,,,,,15202.31214,,,,,11738.88786,,,,,9631.05374,,,,,8068.515915,,,,,6512.722095,,,,,5359.872287,,,,,4906.868995,,,,,4505.481955,,,,,3817.033937,,,,,3828.842491,,,,,4098.860995,4098.275504,,,
Arab World,ARB,Renewable internal freshwater resources per capita (cubic meters),ER.H2O.INTR.PC,,,1208.615449,,,,,1052.693436,,,,,917.8899936,,,,,793.125812,,,,,676.904243,,,,,584.2900054,,,,,514.9007675,,,,,454.3619434,,,,,409.0007139,,,,,365.1124474,,,,,303.6256622,,,,,273.7710021,268.613709,,,
United Arab Emirates,ARE,Renewable internal freshwater resources per capita (cubic meters),ER.H2O.INTR.PC,,,1337.947767,,,,,883.558739,,,,,453.2160209,,,,,203.9853294,,,,,128.7757036,,,,,97.81379644,,,,,73.06765285,,,,,56.15115291,,,,,43.1187009,,,,,24.31573101,,,,,16.40850976,,,,,15.81076663,15.57476166,,,
Argentina,ARG,Renewable internal freshwater resources per capita (cubic meters),ER.H2O.INTR.PC,,,13804.16112,,,,,12790.82033,,,,,11844.31764,,,,,10952.16428,,,,,10140.8079,,,,,9363.652884,,,,,8708.795764,,,,,8189.034781,,,,,7749.110756,,,,,7358.07304,,,,,6996.815562,,,,,6629.611829,6562.608567,,,
Armenia,ARM,Renewable internal freshwater resources per capita (cubic meters),ER.H2O.INTR.PC,,,,,,,,,,,,,,,,,,,,,,,,,,,,,,,,,1992.262157,,,,,2189.218855,,,,,2260.729815,,,,,2338.868211,,,,,2378.096961,,,,,2329.199138,2323.713361,,,
American Samoa,ASM,Renewable internal freshwater resources per capita (cubic meters),ER.H2O.INTR.PC,,,,,,,,,,,,,,,,,,,,,,,,,,,,,,,,,,,,,,,,,,,,,,,,,,,,,,,,,,,,,,
Antigua and Barbuda,ATG,Renewable internal freshwater resources per capita (cubic meters),ER.H2O.INTR.PC,,,931.0820247,,,,,849.1182234,,,,,810.8023825,,,,,836.5239214,,,,,841.6963419,,,,,842.610147,,,,,806.7143456,,,,,725.1732746,,,,,664.129352,,,,,618.833974,,,,,575.1767009,,,,,544.9305737,540.0801811,,,
Australia,AUS,Renewable internal freshwater resources per capita (cubic meters),ER.H2O.INTR.PC,,,45801.52672,,,,,41698.44902,,,,,37337.78554,,,,,34667.41826,,,,,32415.33799,,,,,30251.0468,,,,,28122.32066,,,,,26570.17875,,,,,25036.38418,,,,,23622.50091,,,,,21642.10339,,,,,19998.48792,19693.63745,,,
Austria,AUT,Renewable internal freshwater resources per capita (cubic meters),ER.H2O.INTR.PC,,,7714.032133,,,,,7455.607281,,,,,7290.367794,,,,,7267.028961,,,,,7261.550486,,,,,7261.122918,,,,,7014.67176,,,,,6902.574924,,,,,6805.282433,,,,,6630.111047,,,,,6524.324878,,,,,6251.729171,6221.352791,,,
Azerbaijan,AZE,Renewable internal freshwater resources per capita (cubic meters),ER.H2O.INTR.PC,,,,,,,,,,,,,,,,,,,,,,,,,,,,,,,,,1099.288138,,,,,1035.307626,,,,,993.0310391,,,,,945.6609138,,,,,872.9763945,,,,,823.5206844,816.4171991,,,
Burundi,BDI,Renewable internal freshwater resources per capita (cubic meters),ER.H2O.INTR.PC,,,3460.231416,,,,,3092.325592,,,,,2818.199518,,,,,2609.973003,,,,,2296.946819,,,,,2001.13663,,,,,1769.391947,,,,,1643.218945,,,,,1500.570247,,,,,1279.535846,,,,,1088.039012,,,,,929.1577268,900.1931836,,,
Belgium,BEL,Renewable internal freshwater resources per capita (cubic meters),ER.H2O.INTR.PC,,,1301.436851,,,,,1252.480041,,,,,1235.697446,,,,,1220.70834,,,,,1217.495038,,,,,1215.776647,,,,,1194.605401,,,,,1178.63778,,,,,1161.351949,,,,,1129.337361,,,,,1080.406362,,,,,1054.930402,1050.139432,,,
Benin,BEN,Renewable internal freshwater resources per capita (cubic meters),ER.H2O.INTR.PC,,,4115.23127,,,,,3765.572287,,,,,3384.191489,,,,,2999.90243,,,,,2622.388527,,,,,2271.092607,,,,,1931.803582,,,,,1639.698143,,,,,1411.848562,,,,,1218.244333,,,,,1058.662874,,,,,921.6843881,896.8192086,,,
Burkina Faso,BFA,Renewable internal freshwater resources per capita (cubic meters),ER.H2O.INTR.PC,,,2519.994646,,,,,2339.498692,,,,,2145.858647,,,,,1953.450677,,,,,1746.234664,,,,,1535.611444,,,,,1344.50383,,,,,1171.997474,,,,,1016.830828,,,,,877.0681003,,,,,754.3183822,,,,,651.271104,632.8644162,,,
Bangladesh,BGD,Renewable internal freshwater resources per capita (cubic meters),ER.H2O.INTR.PC,,,2068.87787,,,,,1778.628508,,,,,1575.968291,,,,,1429.279398,,,,,1251.010757,,,,,1097.509439,,,,,972.3689059,,,,,873.8307344,,,,,792.5839684,,,,,736.013736,,,,,695.3378386,,,,,657.5428072,650.6514977,,,
Bulgaria,BGR,Renewable internal freshwater resources per capita (cubic meters),ER.H2O.INTR.PC,,,2620.758957,,,,,2527.007087,,,,,2448.636925,,,,,2385.229839,,,,,2354.931456,,,,,2340.782483,,,,,2458.969172,,,,,2526.447089,,,,,2679.541737,,,,,2783.175518,,,,,2874.393914,,,,,2967.800635,2989.308099,,,
Bahrain,BHR,Renewable internal freshwater resources per capita (cubic meters),ER.H2O.INTR.PC,,,23.10269146,,,,,20.40191778,,,,,17.45573879,,,,,13.19396112,,,,,10.36395623,,,,,8.909062967,,,,,7.646984603,,,,,6.723513977,,,,,5.441140463,,,,,3.861287121,,,,,3.077060361,,,,,2.677238188,2.548679784,,,
"Bahamas, The",BHS,Renewable internal freshwater resources per capita (cubic meters),ER.H2O.INTR.PC,,,5780.728702,,,,,4586.52479,,,,,3935.613365,,,,,3551.496702,,,,,3179.188126,,,,,2877.5204,,,,,2631.301968,,,,,2435.943389,,,,,2275.261086,,,,,2074.768737,,,,,1925.293126,,,,,1833.665576,1815.187937,,,
Bosnia and Herzegovina,BIH,Renewable internal freshwater resources per capita (cubic meters),ER.H2O.INTR.PC,,,,,,,,,,,,,,,,,,,,,,,,,,,,,,,,,8385.153979,,,,,9501.963293,,,,,9443.023853,,,,,9434.486263,,,,,9847.510605,,,,,10592.16466,10680.13186,,,
Belarus,BLR,Renewable internal freshwater resources per capita (cubic meters),ER.H2O.INTR.PC,,,,,,,,,,,,,,,,,,,,,,,,,,,,,,,,,3327.959657,,,,,3360.536215,,,,,3446.336686,,,,,3556.130859,,,,,3599.088626,,,,,3594.464482,3602.158541,,,
Belize,BLZ,Renewable internal freshwater resources per capita (cubic meters),ER.H2O.INTR.PC,,,156686.3808,,,,,135395.3171,,,,,120013.8417,,,,,111394.9923,,,,,100735.3815,,,,,87533.62817,,,,,78528.64289,,,,,68870.58558,,,,,58158.36913,,,,,51031.49841,,,,,45147.79542,,,,,40609.40723,39835.9573,,,
Bermuda,BMU,Renewable internal freshwater resources per capita (cubic meters),ER.H2O.INTR.PC,,,,,,,,,,,,,,,,,,,,,,,,,,,,,,,,,,,,,,,,,,,,,,,,,,,,,,,,,,,,,,
Bolivia,BOL,Renewable internal freshwater resources per capita (cubic meters),ER.H2O.INTR.PC,,,79805.50072,,,,,72112.82009,,,,,64817.29851,,,,,58049.98343,,,,,52198.49393,,,,,47106.67248,,,,,42382.84007,,,,,38236.44688,,,,,34714.19183,,,,,31752.04986,,,,,29245.46601,,,,,27115.51738,26732.69245,,,
Brazil,BRA,Renewable internal freshwater resources per capita (cubic meters),ER.H2O.INTR.PC,,,73986.14186,,,,,64303.37471,,,,,56689.71254,,,,,50353.39348,,,,,44751.58176,,,,,40179.82448,,,,,36697.92998,,,,,33855.82381,,,,,31531.01316,,,,,29774.29522,,,,,28406.22673,,,,,27238.10718,27025.43742,,,
Barbados,BRB,Renewable internal freshwater resources per capita (cubic meters),ER.H2O.INTR.PC,,,343.9040852,,,,,338.0362628,,,,,331.2313941,,,,,321.3741961,,,,,314.8639394,,,,,310.0630978,,,,,304.3097874,,,,,298.3037702,,,,,292.586944,,,,,287.045974,,,,,281.9900035,,,,,279.4964871,279.0957298,,,
Brunei Darussalam,BRN,Renewable internal freshwater resources per capita (cubic meters),ER.H2O.INTR.PC,,,94989.04832,,,,,75591.83964,,,,,59852.83245,,,,,48650.10274,,,,,41249.3206,,,,,35779.68135,,,,,31034.58348,,,,,27246.90828,,,,,24511.42954,,,,,22668.66151,,,,,21303.41832,,,,,20024.45339,19815.3674,,,
Bhutan,BTN,Renewable internal freshwater resources per capita (cubic meters),ER.H2O.INTR.PC,,,405027.4566,,,,,351924.8437,,,,,299852.9143,,,,,255772.3787,,,,,221477.2298,,,,,192185.9227,,,,,177727.8892,,,,,146815.4638,,,,,131488.1701,,,,,117315.6377,,,,,111177.3107,,,,,104618.9256,103393.9735,,,
Botswana,BWA,Renewable internal freshwater resources per capita (cubic meters),ER.H2O.INTR.PC,,,4582.102689,,,,,4108.899534,,,,,3597.683092,,,,,2998.006326,,,,,2492.576795,,,,,2078.094803,,,,,1760.123091,,,,,1558.012599,,,,,1407.924385,,,,,1279.687415,,,,,1176.729584,,,,,1088.39786,1064.742086,,,
Central African Republic,CAF,Renewable internal freshwater resources per capita (cubic meters),ER.H2O.INTR.PC,,,90855.90125,,,,,82537.90597,,,,,75490.44698,,,,,69120.56096,,,,,60376.67337,,,,,53271.15091,,,,,47647.43332,,,,,41563.10281,,,,,37084.48609,,,,,33587.39058,,,,,31782.44757,,,,,30678.69765,30216.17423,,,
Canada,CAN,Renewable internal freshwater resources per capita (cubic meters),ER.H2O.INTR.PC,,,153110.5619,,,,,139623.7507,,,,,128271.6991,,,,,120122.1807,,,,,113469.2273,,,,,107764.321,,,,,100453.7549,,,,,95298.76799,,,,,90879.8731,,,,,86655.04678,,,,,82098.91612,,,,,77985.54099,76891.77232,,,
Central Europe and the Baltics,CEB,Renewable internal freshwater resources per capita (cubic meters),ER.H2O.INTR.PC,,,1833.887491,,,,,1755.647577,,,,,1691.88173,,,,,1620.346215,,,,,1570.040011,,,,,1533.386346,,,,,2375.556973,,,,,2286.651407,,,,,2339.29116,,,,,2374.387671,,,,,2407.362625,,,,,2435.36899,2440.15779,,,
Switzerland,CHE,Renewable internal freshwater resources per capita (cubic meters),ER.H2O.INTR.PC,,,7248.177415,,,,,6742.565029,,,,,6452.688695,,,,,6431.918619,,,,,6321.083834,,,,,6172.550911,,,,,5876.052526,,,,,5699.045805,,,,,5545.829763,,,,,5350.201831,,,,,5051.982272,,,,,4780.024231,4744.94232,,,
Channel Islands,CHI,Renewable internal freshwater resources per capita (cubic meters),ER.H2O.INTR.PC,,,,,,,,,,,,,,,,,,,,,,,,,,,,,,,,,,,,,,,,,,,,,,,,,,,,,,,,,,,,,,
Chile,CHL,Renewable internal freshwater resources per capita (cubic meters),ER.H2O.INTR.PC,,,104401.4347,,,,,95037.73105,,,,,87591.89107,,,,,81023.35148,,,,,75358.21335,,,,,69999.66859,,,,,64505.22886,,,,,59852.99698,,,,,56425.44608,,,,,53538.36895,,,,,50861.01959,,,,,47914.41025,47252.50446,,,
China,CHN,Renewable internal freshwater resources per capita (cubic meters),ER.H2O.INTR.PC,,,4225.032669,,,,,3727.917302,,,,,3263.111493,,,,,2981.488253,,,,,2788.832377,,,,,2594.842417,,,,,2414.568616,,,,,2286.771132,,,,,2196.891596,,,,,2134.404747,,,,,2077.18267,,,,,2014.661066,2005.261057,,,
Cote d'Ivoire,CIV,Renewable internal freshwater resources per capita (cubic meters),ER.H2O.INTR.PC,,,20377.87648,,,,,16909.58609,,,,,13780.42355,,,,,10935.74793,,,,,8766.694683,,,,,7182.524742,,,,,5997.301995,,,,,5078.425455,,,,,4459.265072,,,,,4008.085023,,,,,3566.126587,,,,,3144.351043,3065.112581,,,
Cameroon,CMR,Renewable internal freshwater resources per capita (cubic meters),ER.H2O.INTR.PC,,,50567.44827,,,,,45105.93202,,,,,39754.36752,,,,,34611.41586,,,,,29781.34276,,,,,25440.17561,,,,,21840.87538,,,,,19031.75892,,,,,16689.4848,,,,,14575.32703,,,,,12706.38154,,,,,11112.88863,10826.34733,,,
"Congo, Dem. Rep.",COD,Renewable internal freshwater resources per capita (cubic meters),ER.H2O.INTR.PC,,,56105.57373,,,,,48969.94442,,,,,42610.89248,,,,,37114.73819,,,,,32470.7034,,,,,28545.41871,,,,,24106.76597,,,,,20535.19697,,,,,18046.31768,,,,,15396.80465,,,,,13039.55713,,,,,11056.67881,10705.60754,,,
"Congo, Rep.",COG,Renewable internal freshwater resources per capita (cubic meters),ER.H2O.INTR.PC,,,207624.8836,,,,,182034.8047,,,,,157837.4843,,,,,136261.6912,,,,,117779.8186,,,,,102242.0013,,,,,89158.59587,,,,,77425.21404,,,,,67061.8685,,,,,57273.72429,,,,,49221.79674,,,,,43438.26806,42331.16586,,,
Colombia,COL,Renewable internal freshwater resources per capita (cubic meters),ER.H2O.INTR.PC,,,125490.5613,,,,,108128.5008,,,,,95263.77384,,,,,85238.97751,,,,,76329.56494,,,,,68760.10024,,,,,62313.77043,,,,,56860.65109,,,,,52476.59819,,,,,49042.57014,,,,,46553.80216,,,,,43856.20204,43192.7988,,,
Comoros,COM,Renewable internal freshwater resources per capita (cubic meters),ER.H2O.INTR.PC,,,6085.130982,,,,,5558.128763,,,,,5016.114267,,,,,4349.354665,,,,,3670.353333,,,,,3186.007057,,,,,2749.430639,,,,,2390.652549,,,,,2107.185503,,,,,1870.25423,,,,,1657.767678,,,,,1474.400718,1441.749707,,,
Cabo Verde,CPV,Renewable internal freshwater resources per capita (cubic meters),ER.H2O.INTR.PC,,,1427.612888,,,,,1212.013478,,,,,1103.586288,,,,,1097.554283,,,,,1019.561996,,,,,934.1807391,,,,,843.2580117,,,,,742.1186994,,,,,677.2697001,,,,,631.4898741,,,,,593.7760396,,,,,558.1405733,551.709933,,,
Costa Rica,CRI,Renewable internal freshwater resources per capita (cubic meters),ER.H2O.INTR.PC,,,78836.51261,,,,,66598.22177,,,,,58122.48929,,,,,51232.80641,,,,,44781.59659,,,,,39170.06603,,,,,34382.82076,,,,,30384.90413,,,,,27554.77914,,,,,25654.84561,,,,,24104.08014,,,,,22828.49036,22602.51792,,,
Caribbean small states,CSS,Renewable internal freshwater resources per capita (cubic meters),ER.H2O.INTR.PC,,,85349.37453,,,,,78848.71819,,,,,74128.99493,,,,,70065.76485,,,,,66141.95121,,,,,63034.83397,,,,,60787.19614,,,,,58254.45309,,,,,56257.51896,,,,,54376.93187,,,,,52537.52488,,,,,50797.16132,50493.62482,,,
Cuba,CUB,Renewable internal freshwater resources per capita (cubic meters),ER.H2O.INTR.PC,,,5114.351781,,,,,4611.454141,,,,,4223.66032,,,,,3951.838984,,,,,3834.888918,,,,,3705.77579,,,,,3550.542985,,,,,3468.693043,,,,,3403.673539,,,,,3388.108043,,,,,3386.303698,,,,,3361.772885,3362.101705,,,
Curacao,CUW,Renewable internal freshwater resources per capita (cubic meters),ER.H2O.INTR.PC,,,,,,,,,,,,,,,,,,,,,,,,,,,,,,,,,,,,,,,,,,,,,,,,,,,,,,,,,,,,,,
Cayman Islands,CYM,Renewable internal freshwater resources per capita (cubic meters),ER.H2O.INTR.PC,,,,,,,,,,,,,,,,,,,,,,,,,,,,,,,,,,,,,,,,,,,,,,,,,,,,,,,,,,,,,,
Cyprus,CYP,Renewable internal freshwater resources per capita (cubic meters),ER.H2O.INTR.PC,,,1350.191104,,,,,1319.125116,,,,,1242.034261,,,,,1172.014106,,,,,1127.630415,,,,,1078.265486,,,,,974.2571289,,,,,875.2342374,,,,,798.3884836,,,,,733.2839463,,,,,687.1968185,,,,,661.1934542,655.8689338,,,
Czech Republic,CZE,Renewable internal freshwater resources per capita (cubic meters),ER.H2O.INTR.PC,,,,,,,,,,,,,,,,,,,,,,,,,,,,,,,,,,,,,,1276.187191,,,,,1289.605602,,,,,1276.844317,,,,,1251.095898,,,,,1241.217326,1237.07329,,,
Germany,DEU,Renewable internal freshwater resources per capita (cubic meters),ER.H2O.INTR.PC,,,1445.442307,,,,,1390.489179,,,,,1359.792921,,,,,1368.989952,,,,,1365.956877,,,,,1374.616007,,,,,1327.1384,,,,,1304.324967,,,,,1297.150591,,,,,1300.652957,,,,,1330.418465,,,,,1294.506181,1290.621684,,,
Djibouti,DJI,Renewable internal freshwater resources per capita (cubic meters),ER.H2O.INTR.PC,,,3184.611955,,,,,2283.01815,,,,,1673.761556,,,,,1081.190174,,,,,778.6787379,,,,,611.8241128,,,,,487.7652223,,,,,453.9553126,,,,,401.6349219,,,,,372.459824,,,,,345.5679755,,,,,317.7629488,312.8509797,,,
Dominica,DMA,Renewable internal freshwater resources per capita (cubic meters),ER.H2O.INTR.PC,,,3226.951499,,,,,2954.777136,,,,,2788.194783,,,,,2723.200305,,,,,2666.240068,,,,,2783.886863,,,,,2835.029626,,,,,2833.18223,,,,,2863.688431,,,,,2824.97846,,,,,2818.727626,,,,,2798.768542,2792.282132,,,
Denmark,DNK,Renewable internal freshwater resources per capita (cubic meters),ER.H2O.INTR.PC,,,1290.953621,,,,,1240.860545,,,,,1202.020356,,,,,1179.148179,,,,,1172.376466,,,,,1170.269536,,,,,1160.234135,,,,,1135.290486,,,,,1116.085753,,,,,1098.611758,,,,,1073.043502,,,,,1040.766837,1035.619083,,,
Dominican Republic,DOM,Renewable internal freshwater resources per capita (cubic meters),ER.H2O.INTR.PC,,,6674.206153,,,,,5699.594965,,,,,4941.683924,,,,,4345.819211,,,,,3872.922651,,,,,3491.863957,,,,,3172.101061,,,,,2906.830396,,,,,2693.417768,,,,,2516.368172,,,,,2366.347676,,,,,2235.304088,2211.317864,,,
Algeria,DZA,Renewable internal freshwater resources per capita (cubic meters),ER.H2O.INTR.PC,,,967.9144993,,,,,847.230362,,,,,735.7716791,,,,,639.6556108,,,,,549.8975427,,,,,473.0741242,,,,,416.1189389,,,,,378.1396484,,,,,353.0673729,,,,,329.1775075,,,,,300.8514441,,,,,271.7377254,266.3372518,,,
East Asia & Pacific (excluding high income),EAP,Renewable internal freshwater resources per capita (cubic meters),ER.H2O.INTR.PC,,,9692.753104,,,,,8527.006706,,,,,7464.993313,,,,,6766.397362,,,,,6251.301549,,,,,5754.292182,,,,,5316.395553,,,,,4992.441928,,,,,4749.873217,,,,,4566.163422,,,,,4397.323817,,,,,4227.84304,4200.134389,,,
Early-demographic dividend,EAR,Renewable internal freshwater resources per capita (cubic meters),ER.H2O.INTR.PC,,,12007.32987,,,,,10651.92648,,,,,9435.419689,,,,,8358.915393,,,,,7384.334017,,,,,6530.810506,,,,,5797.411879,,,,,5166.918323,,,,,4721.389837,,,,,4351.627425,,,,,4035.620426,,,,,3768.608784,3719.964249,,,
East Asia & Pacific,EAS,Renewable internal freshwater resources per capita (cubic meters),ER.H2O.INTR.PC,,,9692.520175,,,,,8588.752706,,,,,7566.419177,,,,,6883.538986,,,,,6380.077192,,,,,5900.989474,,,,,5478.164465,,,,,5162.201401,,,,,4924.160434,,,,,4744.130548,,,,,4576.892606,,,,,4410.749771,4383.45694,,,
Europe & Central Asia (excluding high income),ECA,Renewable internal freshwater resources per capita (cubic meters),ER.H2O.INTR.PC,,,,,,,,,,,,,,,,,,,,,,,,,,,,,,,,,14039.64786,,,,,13910.52938,,,,,13871.8461,,,,,13500.09798,,,,,13141.76109,,,,,12713.73526,12644.76715,,,
Europe & Central Asia,ECS,Renewable internal freshwater resources per capita (cubic meters),ER.H2O.INTR.PC,,,,,,,,,,,,,,,,,,,,,,,,,,,,,,,,,8553.891828,,,,,8334.029014,,,,,8273.404352,,,,,8086.091779,,,,,7937.381847,,,,,7755.800928,7726.866459,,,
Ecuador,ECU,Renewable internal freshwater resources per capita (cubic meters),ER.H2O.INTR.PC,,,91990.46659,,,,,79568.15928,,,,,68809.15523,,,,,59915.6549,,,,,52607.82106,,,,,46459.06131,,,,,41283.55654,,,,,37016.40729,,,,,33659.31282,,,,,30944.51992,,,,,28589.70981,,,,,26356.30725,25895.03065,,,
"Egypt, Arab Rep.",EGY,Renewable internal freshwater resources per capita (cubic meters),ER.H2O.INTR.PC,,,35.57167126,,,,,31.19491563,,,,,27.69878239,,,,,24.79569033,,,,,21.95905756,,,,,19.23384073,,,,,17.04541232,,,,,15.41015618,,,,,13.98894012,,,,,12.78247284,,,,,11.57109559,,,,,10.36886297,10.16016463,,,
Euro area,EMU,Renewable internal freshwater resources per capita (cubic meters),ER.H2O.INTR.PC,,,3614.716157,,,,,3464.448559,,,,,3360.18035,,,,,3278.148576,,,,,3218.706212,,,,,3188.350037,,,,,3225.798253,,,,,3165.092718,,,,,3112.717146,,,,,3032.993157,,,,,3001.287792,,,,,2956.798112,2950.21038,,,
Eritrea,ERI,Renewable internal freshwater resources per capita (cubic meters),ER.H2O.INTR.PC,,,,,,,,,,,,,,,,,,,,,,,,,,,,,,,,,,,,,,1275.514852,,,,,1128.550349,,,,,934.4110207,,,,,861.5108932,,,,,820.4180968,810.9367565,,,
Spain,ESP,Renewable internal freshwater resources per capita (cubic meters),ER.H2O.INTR.PC,,,3584.395065,,,,,3402.38596,,,,,3213.457776,,,,,3045.604254,,,,,2927.393378,,,,,2874.512906,,,,,2839.800157,,,,,2776.017179,,,,,2683.944446,,,,,2458.719003,,,,,2377.43718,,,,,2386.612512,2376.182413,,,
Estonia,EST,Renewable internal freshwater resources per capita (cubic meters),ER.H2O.INTR.PC,,,,,,,,,,,,,,,,,,,,,,,,,,,,,,,,,8290.440685,,,,,9081.587813,,,,,9214.485084,,,,,9480.263747,,,,,9609.161894,,,,,9647.908279,9614.388147,,,
Ethiopia,ETH,Renewable internal freshwater resources per capita (cubic meters),ER.H2O.INTR.PC,,,,,,,,,,,,,,,,,,,,,,,,,,,,,,,,,,,,,,2009.969349,,,,,1739.326558,,,,,1512.252786,,,,,1315.6904,,,,,1146.617339,1116.966436,,,
European Union,EUU,Renewable internal freshwater resources per capita (cubic meters),ER.H2O.INTR.PC,,,3654.582351,,,,,3502.21718,,,,,3392.297942,,,,,3298.075498,,,,,3230.743005,,,,,3191.321033,,,,,3274.884164,,,,,3180.396473,,,,,3155.714714,,,,,3101.114035,,,,,3080.546027,,,,,3047.472246,3042.502839,,,
Fragile and conflict affected situations,FCS,Renewable internal freshwater resources per capita (cubic meters),ER.H2O.INTR.PC,,,27144.71441,,,,,24139.62643,,,,,21356.23988,,,,,18704.98566,,,,,16419.75106,,,,,14645.14946,,,,,11345.88639,,,,,9167.082394,,,,,8223.42166,,,,,7325.511045,,,,,6188.930328,,,,,5536.025147,5420.113831,,,
Finland,FIN,Renewable internal freshwater resources per capita (cubic meters),ER.H2O.INTR.PC,,,23823.07869,,,,,23231.86004,,,,,23062.04963,,,,,22579.07,,,,,22167.28511,,,,,21694.51167,,,,,21221.77108,,,,,20817.7889,,,,,20574.557,,,,,20231.73849,,,,,19763.68178,,,,,19425.5343,19399.78515,,,
Fiji,FJI,Renewable internal freshwater resources per capita (cubic meters),ER.H2O.INTR.PC,,,67706.49295,,,,,58507.33545,,,,,52593.47546,,,,,47718.61561,,,,,42721.54977,,,,,39555.20826,,,,,38349.4298,,,,,36014.51177,,,,,35019.63185,,,,,34143.1621,,,,,33003.30033,,,,,32537.09571,32315.02337,,,
France,FRA,Renewable internal freshwater resources per capita (cubic meters),ER.H2O.INTR.PC,,,4174.940093,,,,,3938.885203,,,,,3788.3702,,,,,3671.900355,,,,,3589.443733,,,,,3490.240467,,,,,3398.400468,,,,,3335.287756,,,,,3235.970217,,,,,3124.207867,,,,,3046.003146,,,,,2988.731585,2980.540202,,,
Faroe Islands,FRO,Renewable internal freshwater resources per capita (cubic meters),ER.H2O.INTR.PC,,,,,,,,,,,,,,,,,,,,,,,,,,,,,,,,,,,,,,,,,,,,,,,,,,,,,,,,,,,,,,
"Micronesia, Fed. Sts.",FSM,Renewable internal freshwater resources per capita (cubic meters),ER.H2O.INTR.PC,,,,,,,,,,,,,,,,,,,,,,,,,,,,,,,,,,,,,,,,,,,,,,,,,,,,,,,,,,,,,,
Gabon,GAB,Renewable internal freshwater resources per capita (cubic meters),ER.H2O.INTR.PC,,,320760.4369,,,,,296000.0289,,,,,268103.0889,,,,,242508.8427,,,,,214678.7934,,,,,187670.7203,,,,,163579.1109,,,,,143691.7566,,,,,127298.5539,,,,,111370.296,,,,,93731.58589,,,,,79426.11724,77384.95476,,,
United Kingdom,GBR,Renewable internal freshwater resources per capita (cubic meters),ER.H2O.INTR.PC,,,2723.004695,,,,,2639.069883,,,,,2585.312412,,,,,2580.369983,,,,,2574.864587,,,,,2552.72477,,,,,2518.217917,,,,,2486.412442,,,,,2442.291227,,,,,2364.549513,,,,,2276.287451,,,,,2195.012178,2181.752174,,,
Georgia,GEO,Renewable internal freshwater resources per capita (cubic meters),ER.H2O.INTR.PC,,,,,,,,,,,,,,,,,,,,,,,,,,,,,,,,,11927.77265,,,,,13363.48566,,,,,14610.97922,,,,,15058.96909,,,,,15589.1564,,,,,15592.79443,15598.8825,,,
Ghana,GHA,Renewable internal freshwater resources per capita (cubic meters),ER.H2O.INTR.PC,,,4284.522861,,,,,3725.652767,,,,,3282.901608,,,,,2914.735895,,,,,2594.882788,,,,,2235.828885,,,,,1935.688506,,,,,1691.888934,,,,,1496.564126,,,,,1319.459643,,,,,1165.543578,,,,,1040.469669,1017.902041,,,
Gibraltar,GIB,Renewable internal freshwater resources per capita (cubic meters),ER.H2O.INTR.PC,,,,,,,,,,,,,,,,,,,,,,,,,,,,,,,,,,,,,,,,,,,,,,,,,,,,,,,,,,,,,,
Guinea,GIN,Renewable internal freshwater resources per capita (cubic meters),ER.H2O.INTR.PC,,,62579.12383,,,,,57345.18196,,,,,52673.97328,,,,,48823.89502,,,,,44513.83701,,,,,38956.6311,,,,,33650.82239,,,,,29495.94176,,,,,26321.68335,,,,,23744.08749,,,,,21216.60919,,,,,18727.96357,18204.82392,,,
"Gambia, The",GMB,Renewable internal freshwater resources per capita (cubic meters),ER.H2O.INTR.PC,,,7897.105974,,,,,7031.986161,,,,,6092.310692,,,,,5201.515375,,,,,4424.054469,,,,,3610.060517,,,,,2919.776228,,,,,2498.912973,,,,,2136.351951,,,,,1829.440082,,,,,1574.786616,,,,,1355.074755,1315.736383,,,
Guinea-Bissau,GNB,Renewable internal freshwater resources per capita (cubic meters),ER.H2O.INTR.PC,,,25442.17709,,,,,23907.60904,,,,,21842.52631,,,,,20732.58592,,,,,19743.2879,,,,,17529.34796,,,,,15680.84771,,,,,14127.97294,,,,,12754.55298,,,,,11335.09736,,,,,9968.965365,,,,,8752.036216,8536.502083,,,
Equatorial Guinea,GNQ,Renewable internal freshwater resources per capita (cubic meters),ER.H2O.INTR.PC,,,99153.76079,,,,,89106.3999,,,,,89807.53554,,,,,107367.0301,,,,,91344.0932,,,,,67889.19439,,,,,58130.56572,,,,,48465.95919,,,,,39490.39168,,,,,31642.2575,,,,,25213.56373,,,,,20602.0881,19863.00637,,,
Greece,GRC,Renewable internal freshwater resources per capita (cubic meters),ER.H2O.INTR.PC,,,6865.340954,,,,,6678.882112,,,,,6525.191514,,,,,6230.878321,,,,,5924.707388,,,,,5799.654921,,,,,5577.426654,,,,,5440.258041,,,,,5320.114012,,,,,5249.59422,,,,,5251.239677,,,,,5393.001502,5403.953943,,,
Grenada,GRD,Renewable internal freshwater resources per capita (cubic meters),ER.H2O.INTR.PC,,,2162.606373,,,,,2104.997264,,,,,2128.021791,,,,,2216.827941,,,,,2147.489585,,,,,2011.566507,,,,,2058.439086,,,,,1969.143521,,,,,1929.831333,,,,,1901.447953,,,,,1861.296207,,,,,1803.849415,1794.542795,,,
Greenland,GRL,Renewable internal freshwater resources per capita (cubic meters),ER.H2O.INTR.PC,,,,,,,,,,,,,,,,,,,,,,,,,,,,,,,,,,,,,,,,,,,,,,,,,,,,,,,,,,,,,,
Guatemala,GTM,Renewable internal freshwater resources per capita (cubic meters),ER.H2O.INTR.PC,,,24939.45559,,,,,21634.75112,,,,,19078.3714,,,,,17028.79629,,,,,15035.81747,,,,,13105.39546,,,,,11441.67757,,,,,10122.01852,,,,,8989.490693,,,,,8102.683257,,,,,7387.391995,,,,,6787.913387,6680.145226,,,
Guam,GUM,Renewable internal freshwater resources per capita (cubic meters),ER.H2O.INTR.PC,,,,,,,,,,,,,,,,,,,,,,,,,,,,,,,,,,,,,,,,,,,,,,,,,,,,,,,,,,,,,,
Guyana,GUY,Renewable internal freshwater resources per capita (cubic meters),ER.H2O.INTR.PC,,,397502.1689,,,,,356582.1966,,,,,333818.5938,,,,,316097.0798,,,,,308480.3949,,,,,318172.3966,,,,,321935.9975,,,,,317952.4391,,,,,323581.5781,,,,,322849.8668,,,,,319041.3403,,,,,310880.2943,309368.2085,,,
High income,HIC,Renewable internal freshwater resources per capita (cubic meters),ER.H2O.INTR.PC,,,13293.53423,,,,,12565.24865,,,,,11943.78045,,,,,11428.04585,,,,,10983.90909,,,,,10622.04834,,,,,10194.16663,,,,,9712.465953,,,,,9420.830987,,,,,9098.380518,,,,,8811.240129,,,,,8565.499241,8525.41561,,,
"Hong Kong SAR, China",HKG,Renewable internal freshwater resources per capita (cubic meters),ER.H2O.INTR.PC,,,,,,,,,,,,,,,,,,,,,,,,,,,,,,,,,,,,,,,,,,,,,,,,,,,,,,,,,,,,,,
Honduras,HND,Renewable internal freshwater resources per capita (cubic meters),ER.H2O.INTR.PC,,,42056.95921,,,,,36462.09125,,,,,31456.208,,,,,27039.88428,,,,,23182.89427,,,,,19959.4119,,,,,17286.09789,,,,,14995.7722,,,,,13083.63496,,,,,11610.3948,,,,,10492.21521,,,,,9615.001184,9456.039897,,,
Heavily indebted poor countries (HIPC),HPC,Renewable internal freshwater resources per capita (cubic meters),ER.H2O.INTR.PC,,,28585.49544,,,,,25275.883,,,,,22233.17859,,,,,19431.1161,,,,,17024.1232,,,,,15016.15321,,,,,13051.30767,,,,,9892.076596,,,,,8607.506515,,,,,7467.814903,,,,,6139.176511,,,,,5339.236378,5194.65269,,,
Croatia,HRV,Renewable internal freshwater resources per capita (cubic meters),ER.H2O.INTR.PC,,,,,,,,,,,,,,,,,,,,,,,,,,,,,,,,,8238.96405,,,,,8313.266827,,,,,8763.011445,,,,,8746.659391,,,,,8834.092003,,,,,9140.433179,9222.467693,,,
Haiti,HTI,Renewable internal freshwater resources per capita (cubic meters),ER.H2O.INTR.PC,,,3236.239513,,,,,2939.223803,,,,,2688.877799,,,,,2456.64235,,,,,2200.762983,,,,,1965.177068,,,,,1777.036135,,,,,1619.655321,,,,,1485.809927,,,,,1369.830409,,,,,1268.861474,,,,,1184.353063,1169.359526,,,
Hungary,HUN,Renewable internal freshwater resources per capita (cubic meters),ER.H2O.INTR.PC,,,596.3186862,,,,,587.2792955,,,,,577.0069094,,,,,563.4844602,,,,,560.4577445,,,,,565.358186,,,,,578.6288637,,,,,583.0628408,,,,,590.6321024,,,,,596.6717649,,,,,604.8166387,,,,,612.997634,613.775328,,,
IBRD only,IBD,Renewable internal freshwater resources per capita (cubic meters),ER.H2O.INTR.PC,,,12688.01979,,,,,11248.98104,,,,,9944.73564,,,,,8939.891693,,,,,8113.262086,,,,,7362.03779,,,,,7532.573179,,,,,7024.404455,,,,,6617.962037,,,,,6270.689824,,,,,5962.463881,,,,,5677.155919,5628.143557,,,
IDA & IBRD total,IBT,Renewable internal freshwater resources per capita (cubic meters),ER.H2O.INTR.PC,,,13700.40529,,,,,12136.85766,,,,,10725.19668,,,,,9605.930551,,,,,8657.769898,,,,,7802.805996,,,,,7687.620689,,,,,7021.615573,,,,,6530.963503,,,,,6102.492035,,,,,5678.766058,,,,,5324.19281,5259.815425,,,
IDA total,IDA,Renewable internal freshwater resources per capita (cubic meters),ER.H2O.INTR.PC,,,18813.72208,,,,,16599.75674,,,,,14638.33956,,,,,12872.64334,,,,,11223.51422,,,,,9801.69864,,,,,8383.451419,,,,,7010.575095,,,,,6207.292758,,,,,5515.257235,,,,,4779.935606,,,,,4274.02046,4178.968268,,,
IDA blend,IDB,Renewable internal freshwater resources per capita (cubic meters),ER.H2O.INTR.PC,,,14020.12417,,,,,12402.57684,,,,,10891.24865,,,,,9430.794376,,,,,8079.161794,,,,,6944.189534,,,,,5645.820184,,,,,4961.629767,,,,,4394.997746,,,,,3911.348104,,,,,3468.623253,,,,,3090.429693,3021.455076,,,
Indonesia,IDN,Renewable internal freshwater resources per capita (cubic meters),ER.H2O.INTR.PC,,,21819.44985,,,,,19068.52139,,,,,16681.08389,,,,,14705.19065,,,,,13068.70633,,,,,11756.94582,,,,,10752.64888,,,,,9952.844216,,,,,9287.451809,,,,,8687.27966,,,,,8125.120038,,,,,7627.782387,7541.7337,,,
IDA only,IDX,Renewable internal freshwater resources per capita (cubic meters),ER.H2O.INTR.PC,,,21245.54351,,,,,18720.66027,,,,,16543.82969,,,,,14664.31962,,,,,12904.92795,,,,,11367.70259,,,,,9983.56808,,,,,8091.142209,,,,,7162.431892,,,,,6359.049229,,,,,5441.76339,,,,,4874.611785,4766.398782,,,
Isle of Man,IMN,Renewable internal freshwater resources per capita (cubic meters),ER.H2O.INTR.PC,,,,,,,,,,,,,,,,,,,,,,,,,,,,,,,,,,,,,,,,,,,,,,,,,,,,,,,,,,,,,,
India,IND,Renewable internal freshwater resources per capita (cubic meters),ER.H2O.INTR.PC,,,3082.648288,,,,,2778.628741,,,,,2488.438677,,,,,2216.401856,,,,,1974.763727,,,,,1764.098556,,,,,1590.221973,,,,,1444.69973,,,,,1322.580507,,,,,1222.099751,,,,,1142.378393,,,,,1080.171123,1069.018778,,,
Not classified,INX,Renewable internal freshwater resources per capita (cubic meters),ER.H2O.INTR.PC,,,,,,,,,,,,,,,,,,,,,,,,,,,,,,,,,,,,,,,,,,,,,,,,,,,,,,,,,,,,,,
Ireland,IRL,Renewable internal freshwater resources per capita (cubic meters),ER.H2O.INTR.PC,,,17277.55152,,,,,16882.2891,,,,,16135.14003,,,,,14929.01103,,,,,14057.03138,,,,,13841.58504,,,,,13770.11772,,,,,13336.34172,,,,,12462.01945,,,,,11139.04207,,,,,10653.25545,,,,,10192.64515,10067.14994,,,
"Iran, Islamic Rep.",IRN,Renewable internal freshwater resources per capita (cubic meters),ER.H2O.INTR.PC,,,5569.688309,,,,,4882.63142,,,,,4272.609795,,,,,3692.206092,,,,,3069.079535,,,,,2510.070461,,,,,2186.103743,,,,,2035.278939,,,,,1909.792376,,,,,1801.32251,,,,,1701.088197,,,,,1592.832615,1570.900728,,,
Iraq,IRQ,Renewable internal freshwater resources per capita (cubic meters),ER.H2O.INTR.PC,,,4586.78716,,,,,3934.105081,,,,,3320.860922,,,,,2824.573371,,,,,2438.945638,,,,,2165.211546,,,,,1912.758644,,,,,1641.823284,,,,,1411.844622,,,,,1261.140583,,,,,1103.793878,,,,,937.3471568,915.8651892,,,
Iceland,ISL,Renewable internal freshwater resources per capita (cubic meters),ER.H2O.INTR.PC,,,932129.9718,,,,,855341.6083,,,,,812864.2947,,,,,766459.7225,,,,,726930.6423,,,,,691453.2313,,,,,651198.7803,,,,,627010.1207,,,,,591257.0473,,,,,545630.7813,,,,,530063.9818,,,,,495049.505,481967.334,,,
Israel,ISR,Renewable internal freshwater resources per capita (cubic meters),ER.H2O.INTR.PC,,,327.0824248,,,,,273.2240437,,,,,238.2465057,,,,,207.5837254,,,,,186.0580501,,,,,171.6639963,,,,,146.3985946,,,,,128.5126799,,,,,114.1552511,,,,,104.4553697,,,,,94.81069465,,,,,86.07531016,84.43283649,,,
Italy,ITA,Renewable internal freshwater resources per capita (cubic meters),ER.H2O.INTR.PC,,,3586.909843,,,,,3449.872875,,,,,3355.930237,,,,,3261.525503,,,,,3227.600787,,,,,3224.271624,,,,,3213.192958,,,,,3207.924181,,,,,3198.443324,,,,,3122.951365,,,,,3065.180844,,,,,3014.699725,3020.435022,,,
Jamaica,JAM,Renewable internal freshwater resources per capita (cubic meters),ER.H2O.INTR.PC,,,6455.711303,,,,,6001.694648,,,,,5593.024404,,,,,5201.304868,,,,,4844.538782,,,,,4556.285257,,,,,4397.721783,,,,,4188.606896,,,,,4019.172302,,,,,3909.719897,,,,,3808.062128,,,,,3705.430752,3687.748586,,,
Jordan,JOR,Renewable internal freshwater resources per capita (cubic meters),ER.H2O.INTR.PC,,,674.8152421,,,,,494.5630695,,,,,362.0105493,,,,,312.9357642,,,,,266.0399255,,,,,217.7661409,,,,,171.4572889,,,,,140.661016,,,,,128.2554216,,,,,109.0277189,,,,,84.30199248,,,,,69.69253534,68.43732696,,,
Japan,JPN,Renewable internal freshwater resources per capita (cubic meters),ER.H2O.INTR.PC,,,4529.510286,,,,,4305.209303,,,,,4011.643094,,,,,3776.169734,,,,,3629.304524,,,,,3522.597875,,,,,3455.897127,,,,,3411.155271,,,,,3374.004473,,,,,3359.348755,,,,,3369.140242,,,,,3386.573418,3390.873032,,,
Kazakhstan,KAZ,Renewable internal freshwater resources per capita (cubic meters),ER.H2O.INTR.PC,,,,,,,,,,,,,,,,,,,,,,,,,,,,,,,,,3914.449062,,,,,4196.445835,,,,,4330.723817,,,,,4155.851335,,,,,3832.161452,,,,,3567.512979,3520.924083,,,
Kenya,KEN,Renewable internal freshwater resources per capita (cubic meters),ER.H2O.INTR.PC,,,2393.893282,,,,,2031.904433,,,,,1704.254957,,,,,1414.041928,,,,,1167.096275,,,,,968.098987,,,,,817.3392803,,,,,703.7068011,,,,,613.3016052,,,,,534.801718,,,,,466.8105691,,,,,412.1769742,402.7819586,,,
Kyrgyz Republic,KGZ,Renewable internal freshwater resources per capita (cubic meters),ER.H2O.INTR.PC,,,,,,,,,,,,,,,,,,,,,,,,,,,,,,,,,10836.24928,,,,,10418.61852,,,,,9804.235879,,,,,9287.4497,,,,,8726.280497,,,,,7894.227356,7738.660087,,,
Cambodia,KHM,Renewable internal freshwater resources per capita (cubic meters),ER.H2O.INTR.PC,,,20005.19538,,,,,18037.79591,,,,,16515.76516,,,,,16759.21291,,,,,17428.24182,,,,,14710.75796,,,,,12531.30358,,,,,10673.89447,,,,,9542.861334,,,,,8815.819762,,,,,8159.424602,,,,,7533.068202,7421.632088,,,
Kiribati,KIR,Renewable internal freshwater resources per capita (cubic meters),ER.H2O.INTR.PC,,,,,,,,,,,,,,,,,,,,,,,,,,,,,,,,,,,,,,,,,,,,,,,,,,,,,,,,,,,,,,
St. Kitts and Nevis,KNA,Renewable internal freshwater resources per capita (cubic meters),ER.H2O.INTR.PC,,,470.9483723,,,,,506.457331,,,,,541.5406832,,,,,546.149645,,,,,561.6268458,,,,,584.7810726,,,,,589.8110147,,,,,560.0018667,,,,,531.3496281,,,,,502.4178861,,,,,481.1451254,,,,,461.219156,457.6833594,,,
"Korea, Rep.",KOR,Renewable internal freshwater resources per capita (cubic meters),ER.H2O.INTR.PC,,,2445.967134,,,,,2152.269642,,,,,1935.508556,,,,,1781.016289,,,,,1649.021501,,,,,1558.081856,,,,,1482.354767,,,,,1411.2067,,,,,1361.115738,,,,,1332.069719,,,,,1291.836452,,,,,1262.608784,1257.146982,,,
Kuwait,KWT,Renewable internal freshwater resources per capita (cubic meters),ER.H2O.INTR.PC,,,0,,,,,0,,,,,0,,,,,0,,,,,0,,,,,0,,,,,,,,,,0,,,,,0,,,,,0,,,,,0,,,,,0,0,,,
Latin America & Caribbean (excluding high income),LAC,Renewable internal freshwater resources per capita (cubic meters),ER.H2O.INTR.PC,,,57634.47366,,,,,50362.39963,,,,,44415.39803,,,,,39489.91606,,,,,35296.14103,,,,,31790.92207,,,,,28963.89177,,,,,26646.54325,,,,,24767.85573,,,,,23262.07202,,,,,21989.26445,,,,,20831.01974,20607.68654,,,
Lao PDR,LAO,Renewable internal freshwater resources per capita (cubic meters),ER.H2O.INTR.PC,,,85722.40259,,,,,76253.73109,,,,,67022.3828,,,,,60717.4029,,,,,55980.35748,,,,,48751.38586,,,,,42307.85811,,,,,37700.67093,,,,,34660.7389,,,,,32027.18273,,,,,29544.44911,,,,,27383.74099,26963.11746,,,
Lebanon,LBN,Renewable internal freshwater resources per capita (cubic meters),ER.H2O.INTR.PC,,,2493.12443,,,,,2207.168515,,,,,1985.24549,,,,,1844.923424,,,,,1841.798701,,,,,1799.129446,,,,,1560.400672,,,,,1312.040017,,,,,1147.719923,,,,,1006.849302,,,,,866.7983719,,,,,703.877028,699.768843,,,
Liberia,LBR,Renewable internal freshwater resources per capita (cubic meters),ER.H2O.INTR.PC,,,171430.8735,,,,,153488.1722,,,,,135633.0367,,,,,118192.4824,,,,,100528.933,,,,,92880.17714,,,,,99919.46491,,,,,85976.76048,,,,,66121.66982,,,,,57771.56027,,,,,48359.85146,,,,,42533.0652,41502.59308,,,
Libya,LBY,Renewable internal freshwater resources per capita (cubic meters),ER.H2O.INTR.PC,,,451.375567,,,,,372.5645588,,,,,300.7535595,,,,,244.2736158,,,,,201.1238225,,,,,170.3280299,,,,,150.5086332,,,,,136.7719628,,,,,126.557173,,,,,117.1590079,,,,,111.3629859,,,,,106.3712908,104.8129351,,,
St. Lucia,LCA,Renewable internal freshwater resources per capita (cubic meters),ER.H2O.INTR.PC,,,3264.702042,,,,,3019.019825,,,,,2822.121671,,,,,2662.288681,,,,,2479.605247,,,,,2292.386221,,,,,2116.282679,,,,,1987.80811,,,,,1882.152178,,,,,1789.506335,,,,,1698.234968,,,,,1657.870741,1649.348507,,,
Latin America & Caribbean,LCN,Renewable internal freshwater resources per capita (cubic meters),ER.H2O.INTR.PC,,,59791.65065,,,,,52348.97922,,,,,46271.26726,,,,,41206.16594,,,,,36885.72332,,,,,33258.12995,,,,,30305.20296,,,,,27879.43179,,,,,25919.72074,,,,,24348.09534,,,,,23015.46952,,,,,21873.8354,21671.61414,,,
Least developed countries: UN classification,LDC,Renewable internal freshwater resources per capita (cubic meters),ER.H2O.INTR.PC,,,20555.71238,,,,,18207.1644,,,,,16157.87005,,,,,14360.94317,,,,,12668.83865,,,,,11186.97046,,,,,9808.71079,,,,,7880.695994,,,,,6960.997815,,,,,6167.442475,,,,,5235.685935,,,,,4654.362294,4546.9264,,,
Low income,LIC,Renewable internal freshwater resources per capita (cubic meters),ER.H2O.INTR.PC,,,22051.42055,,,,,19623.93152,,,,,17320.37348,,,,,15234.71663,,,,,13448.81339,,,,,11974.55547,,,,,10445.31501,,,,,7739.427382,,,,,6734.1561,,,,,5834.150011,,,,,4723.807387,,,,,4154.485879,4047.627242,,,
Liechtenstein,LIE,Renewable internal freshwater resources per capita (cubic meters),ER.H2O.INTR.PC,,,,,,,,,,,,,,,,,,,,,,,,,,,,,,,,,,,,,,,,,,,,,,,,,,,,,,,,,,,,,,
Sri Lanka,LKA,Renewable internal freshwater resources per capita (cubic meters),ER.H2O.INTR.PC,,,5100.374993,,,,,4529.214722,,,,,4060.840622,,,,,3699.16408,,,,,3406.185711,,,,,3172.322734,,,,,2976.857135,,,,,2858.550941,,,,,2769.839553,,,,,2661.016174,,,,,2585.067319,,,,,2462.227196,2436.548223,,,
Lower middle income,LMC,Renewable internal freshwater resources per capita (cubic meters),ER.H2O.INTR.PC,,,9124.792711,,,,,8108.278925,,,,,7193.876674,,,,,6372.452741,,,,,5624.829135,,,,,4969.601841,,,,,4345.561169,,,,,3934.587795,,,,,3601.090345,,,,,3317.572769,,,,,3070.2164,,,,,2853.131371,2813.326204,,,
Low & middle income,LMY,Renewable internal freshwater resources per capita (cubic meters),ER.H2O.INTR.PC,,,13113.71953,,,,,11599.89349,,,,,10231.54662,,,,,9154.079628,,,,,8243.932155,,,,,7422.818679,,,,,7364.894797,,,,,6720.199415,,,,,6244.290911,,,,,5830.158633,,,,,5421.560191,,,,,5078.572126,5015.978731,,,
Lesotho,LSO,Renewable internal freshwater resources per capita (cubic meters),ER.H2O.INTR.PC,,,6017.497917,,,,,5435.014169,,,,,4855.621845,,,,,4257.130694,,,,,3695.167738,,,,,3276.131534,,,,,2934.436936,,,,,2657.447407,,,,,2576.567913,,,,,2632.206735,,,,,2595.548956,,,,,2500.559399,2480.639863,,,
Late-demographic dividend,LTE,Renewable internal freshwater resources per capita (cubic meters),ER.H2O.INTR.PC,,,14444.34838,,,,,12763.32306,,,,,11245.63591,,,,,10233.14088,,,,,9480.667882,,,,,8763.976476,,,,,9715.285222,,,,,9198.643652,,,,,8844.45369,,,,,8539.940518,,,,,8271.269859,,,,,7999.981287,7956.357149,,,
Lithuania,LTU,Renewable internal freshwater resources per capita (cubic meters),ER.H2O.INTR.PC,,,,,,,,,,,,,,,,,,,,,,,,,,,,,,,,,4178.249643,,,,,4324.30981,,,,,4490.182735,,,,,4784.460962,,,,,5174.422555,,,,,5465.98204,5518.387546,,,
Luxembourg,LUX,Renewable internal freshwater resources per capita (cubic meters),ER.H2O.INTR.PC,,,3117.692907,,,,,2985.119181,,,,,2885.170225,,,,,2767.338761,,,,,2735.790986,,,,,2697.235334,,,,,2549.882068,,,,,2384.074383,,,,,2241.273043,,,,,2083.363716,,,,,1883.430707,,,,,1676.906979,1644.872111,,,
Latvia,LVA,Renewable internal freshwater resources per capita (cubic meters),ER.H2O.INTR.PC,,,,,,,,,,,,,,,,,,,,,,,,,,,,,,,,,6479.651828,,,,,6963.024041,,,,,7332.784168,,,,,7698.862668,,,,,8327.11094,,,,,8721.852204,8790.072925,,,
"Macao SAR, China",MAC,Renewable internal freshwater resources per capita (cubic meters),ER.H2O.INTR.PC,,,,,,,,,,,,,,,,,,,,,,,,,,,,,,,,,,,,,,,,,,,,,,,,,,,,,,,,,,,,,,
St. Martin (French part),MAF,Renewable internal freshwater resources per capita (cubic meters),ER.H2O.INTR.PC,,,,,,,,,,,,,,,,,,,,,,,,,,,,,,,,,,,,,,,,,,,,,,,,,,,,,,,,,,,,,,
Morocco,MAR,Renewable internal freshwater resources per capita (cubic meters),ER.H2O.INTR.PC,,,2214.604323,,,,,1939.275662,,,,,1736.850395,,,,,1557.457814,,,,,1382.003823,,,,,1236.8185,,,,,1127.903915,,,,,1044.872858,,,,,984.5605626,,,,,930.5707576,,,,,872.3930264,,,,,815.0358488,804.9051698,,,
Monaco,MCO,Renewable internal freshwater resources per capita (cubic meters),ER.H2O.INTR.PC,,,,,,,,,,,,,,,,,,,,,,,,,,,,,,,,,,,,,,,,,,,,,,,,,,,,,,,,,,,,,,
Moldova,MDA,Renewable internal freshwater resources per capita (cubic meters),ER.H2O.INTR.PC,,,,,,,,,,,,,,,,,,,,,,,,,,,,,,,,,544.1482233,,,,,551.8605878,,,,,556.6046293,,,,,563.7863333,,,,,566.5409319,,,,,587.9880573,598.1802029,,,
Madagascar,MDG,Renewable internal freshwater resources per capita (cubic meters),ER.H2O.INTR.PC,,,62961.26836,,,,,55486.68657,,,,,48512.80889,,,,,42134.70678,,,,,36495.01843,,,,,31649.87017,,,,,27395.3939,,,,,23487.82327,,,,,20101.25545,,,,,17341.17134,,,,,15080.56625,,,,,13179.24386,12832.07614,,,
Maldives,MDV,Renewable internal freshwater resources per capita (cubic meters),ER.H2O.INTR.PC,,,316.1155719,,,,,279.1191001,,,,,243.2162922,,,,,207.4330164,,,,,176.627475,,,,,147.7657814,,,,,126.9728405,,,,,113.7069998,,,,,101.9766473,,,,,89.50628334,,,,,75.52280663,,,,,60.43537645,58.17290539,,,
Middle East & North Africa,MEA,Renewable internal freshwater resources per capita (cubic meters),ER.H2O.INTR.PC,,,2068.221311,,,,,1802.084397,,,,,1570.762346,,,,,1364.130918,,,,,1164.890516,,,,,991.779488,,,,,867.5804259,,,,,773.6989365,,,,,704.0472232,,,,,636.8055297,,,,,573.374726,,,,,522.272908,513.3446055,,,
Mexico,MEX,Renewable internal freshwater resources per capita (cubic meters),ER.H2O.INTR.PC,,,10175.31445,,,,,8710.243383,,,,,7478.522926,,,,,6505.497034,,,,,5755.808758,,,,,5164.136133,,,,,4697.092865,,,,,4322.964195,,,,,4022.234835,,,,,3746.433228,,,,,3487.554411,,,,,3277.839116,3241.124221,,,
Marshall Islands,MHL,Renewable internal freshwater resources per capita (cubic meters),ER.H2O.INTR.PC,,,,,,,,,,,,,,,,,,,,,,,,,,,,,,,,,,,,,,,,,,,,,,,,,,,,,,,,,,,,,,
Middle income,MIC,Renewable internal freshwater resources per capita (cubic meters),ER.H2O.INTR.PC,,,12598.43191,,,,,11140.22486,,,,,9825.73353,,,,,8799.65468,,,,,7934.071164,,,,,7148.60872,,,,,7185.572657,,,,,6642.398249,,,,,6204.151179,,,,,5829.803969,,,,,5494.56528,,,,,5182.259229,5126.2968,,,
North Macedonia,MKD,Renewable internal freshwater resources per capita (cubic meters),ER.H2O.INTR.PC,,,,,,,,,,,,,,,,,,,,,,,,,,,,,,,,,2715.397662,,,,,2704.233478,,,,,2673.059569,,,,,2642.448787,,,,,2620.031402,,,,,2603.034367,2600.884204,,,
Mali,MLI,Renewable internal freshwater resources per capita (cubic meters),ER.H2O.INTR.PC,,,11149.58337,,,,,10514.89329,,,,,9760.122223,,,,,8938.857766,,,,,8120.541315,,,,,7442.122612,,,,,6779.405161,,,,,5943.911468,,,,,5164.89353,,,,,4395.135903,,,,,3754.812731,,,,,3241.065773,3145.024139,,,
Malta,MLT,Renewable internal freshwater resources per capita (cubic meters),ER.H2O.INTR.PC,,,155.9123186,,,,,162.092762,,,,,166.9697471,,,,,164.51119,,,,,154.9564588,,,,,146.5956428,,,,,137.3708578,,,,,131.9257767,,,,,127.5352363,,,,,124.1628229,,,,,120.2300799,,,,,107.9062135,104.2032066,,,
Myanmar,MMR,Renewable internal freshwater resources per capita (cubic meters),ER.H2O.INTR.PC,,,44180.75798,,,,,39464.69378,,,,,35099.64073,,,,,31311.32764,,,,,28062.69488,,,,,25448.96693,,,,,23650.00297,,,,,22270.9715,,,,,21022.10753,,,,,20208.99055,,,,,19504.52781,,,,,18785.17502,18671.22333,,,
Middle East & North Africa (excluding high income),MNA,Renewable internal freshwater resources per capita (cubic meters),ER.H2O.INTR.PC,,,2187.14414,,,,,1913.605579,,,,,1677.39084,,,,,1470.789439,,,,,1269.041814,,,,,1089.167795,,,,,948.8678754,,,,,853.1737335,,,,,780.144526,,,,,715.1047156,,,,,654.1131254,,,,,599.2430087,589.2804679,,,
Montenegro,MNE,Renewable internal freshwater resources per capita (cubic meters),ER.H2O.INTR.PC,,,,,,,,,,,,,,,,,,,,,,,,,,,,,,,,,,,,,,,,,,,,,,,,,,,,,,,,,,,,,,
Mongolia,MNG,Renewable internal freshwater resources per capita (cubic meters),ER.H2O.INTR.PC,,,34410.23527,,,,,29662.81561,,,,,25650.9859,,,,,22276.17723,,,,,19575.55913,,,,,17114.6054,,,,,15511.51217,,,,,14898.89303,,,,,14243.25932,,,,,13416.51056,,,,,12319.9011,,,,,11176.09805,10977.17694,,,
Northern Mariana Islands,MNP,Renewable internal freshwater resources per capita (cubic meters),ER.H2O.INTR.PC,,,,,,,,,,,,,,,,,,,,,,,,,,,,,,,,,,,,,,,,,,,,,,,,,,,,,,,,,,,,,,
Mozambique,MOZ,Renewable internal freshwater resources per capita (cubic meters),ER.H2O.INTR.PC,,,13360.31326,,,,,11915.37164,,,,,10617.98695,,,,,9340.194853,,,,,8228.179307,,,,,7844.300873,,,,,7264.957791,,,,,6116.907333,,,,,5345.300269,,,,,4627.809889,,,,,4034.159963,,,,,3500.993944,3400.460042,,,
Mauritania,MRT,Renewable internal freshwater resources per capita (cubic meters),ER.H2O.INTR.PC,,,443.6114407,,,,,381.9180881,,,,,328.5574766,,,,,283.4589647,,,,,244.8497388,,,,,212.7935753,,,,,186.6851485,,,,,164.3677778,,,,,143.9834534,,,,,124.901952,,,,,107.9169202,,,,,93.40159745,90.84071263,,,
Mauritius,MUS,Renewable internal freshwater resources per capita (cubic meters),ER.H2O.INTR.PC,,,3928.041591,,,,,3509.300092,,,,,3228.672395,,,,,2985.742024,,,,,2771.729767,,,,,2655.195245,,,,,2536.790844,,,,,2395.748787,,,,,2283.705829,,,,,2219.210571,,,,,2190.492419,,,,,2175.369065,2174.182785,,,
Malawi,MWI,Renewable internal freshwater resources per capita (cubic meters),ER.H2O.INTR.PC,,,4204.168378,,,,,3709.955922,,,,,3254.979877,,,,,2822.687975,,,,,2458.123191,,,,,1982.523332,,,,,1666.327,,,,,1572.347569,,,,,1377.878124,,,,,1209.731095,,,,,1048.323559,,,,,913.4025871,889.5887526,,,
Malaysia,MYS,Renewable internal freshwater resources per capita (cubic meters),ER.H2O.INTR.PC,,,66725.43874,,,,,57732.57693,,,,,51217.39781,,,,,45346.81833,,,,,40079.56485,,,,,35104.70037,,,,,30522.0427,,,,,26898.18896,,,,,23958.63484,,,,,21706.28869,,,,,19953.08342,,,,,18646.72667,18396.32685,,,
North America,NAC,Renewable internal freshwater resources per capita (cubic meters),ER.H2O.INTR.PC,,,27628.29512,,,,,25866.63259,,,,,24418.98677,,,,,23232.85573,,,,,22073.28922,,,,,21091.36258,,,,,19895.72897,,,,,18733.29182,,,,,17768.84545,,,,,16963.95326,,,,,16259.70156,,,,,15671.85918,15575.56709,,,
Namibia,NAM,Renewable internal freshwater resources per capita (cubic meters),ER.H2O.INTR.PC,,,9261.500574,,,,,8173.197485,,,,,7088.982846,,,,,6203.705102,,,,,5574.141053,,,,,4787.083578,,,,,4060.777177,,,,,3627.735451,,,,,3326.997995,,,,,3069.997947,,,,,2806.663274,,,,,2563.864576,2516.031532,,,
New Caledonia,NCL,Renewable internal freshwater resources per capita (cubic meters),ER.H2O.INTR.PC,,,,,,,,,,,,,,,,,,,,,,,,,,,,,,,,,,,,,,,,,,,,,,,,,,,,,,,,,,,,,,
Niger,NER,Renewable internal freshwater resources per capita (cubic meters),ER.H2O.INTR.PC,,,975.4118189,,,,,844.4747705,,,,,734.0257643,,,,,637.388325,,,,,551.7432723,,,,,477.5592194,,,,,408.5552401,,,,,343.8723326,,,,,287.1208733,,,,,238.3318838,,,,,196.6821519,,,,,162.0191249,155.9518048,,,
Nigeria,NGA,Renewable internal freshwater resources per capita (cubic meters),ER.H2O.INTR.PC,,,4699.146401,,,,,4222.21208,,,,,3767.10027,,,,,3288.537109,,,,,2854.281601,,,,,2509.993722,,,,,2206.432023,,,,,1947.863177,,,,,1718.559397,,,,,1510.182068,,,,,1321.542677,,,,,1157.836436,1128.272395,,,
Nicaragua,NIC,Renewable internal freshwater resources per capita (cubic meters),ER.H2O.INTR.PC,,,82763.50967,,,,,71091.69741,,,,,61050.41417,,,,,52323.2445,,,,,45211.04711,,,,,39954.75835,,,,,35790.92655,,,,,32357.30451,,,,,29929.16324,,,,,27944.2139,,,,,26111.02661,,,,,24465.75429,24160.53695,,,
Netherlands,NLD,Renewable internal freshwater resources per capita (cubic meters),ER.H2O.INTR.PC,,,931.7541738,,,,,873.1405381,,,,,825.2934124,,,,,793.8693082,,,,,768.5487494,,,,,750.0833445,,,,,724.4388661,,,,,704.6471479,,,,,681.1597227,,,,,671.4811458,,,,,656.5219306,,,,,642.0996987,638.3611899,,,
Norway,NOR,Renewable internal freshwater resources per capita (cubic meters),ER.H2O.INTR.PC,,,104976.2594,,,,,100936.9966,,,,,97126.77638,,,,,94479.50327,,,,,92835.91107,,,,,91236.8444,,,,,89119.05349,,,,,86716.54608,,,,,84175.10272,,,,,81118.62154,,,,,76117.25485,,,,,72390.05429,71913.78779,,,
Nepal,NPL,Renewable internal freshwater resources per capita (cubic meters),ER.H2O.INTR.PC,,,18997.14439,,,,,17411.98361,,,,,15751.23288,,,,,14128.34626,,,,,12600.58295,,,,,11246.22149,,,,,9940.655989,,,,,8775.824702,,,,,8015.975329,,,,,7512.531183,,,,,7343.689096,,,,,7172.666048,7054.457278,,,
Nauru,NRU,Renewable internal freshwater resources per capita (cubic meters),ER.H2O.INTR.PC,,,2023.472278,,,,,1607.458608,,,,,1471.020888,,,,,1352.082207,,,,,1247.50499,,,,,1127.649977,,,,,997.0089731,,,,,939.5847036,,,,,989.9029895,,,,,1015.640869,,,,,986.5824783,,,,,945.4476695,936.5049635,,,
New Zealand,NZL,Renewable internal freshwater resources per capita (cubic meters),ER.H2O.INTR.PC,,,131748.5898,,,,,120039.6461,,,,,112607.1834,,,,,104800.9743,,,,,103608.8844,,,,,99865.62424,,,,,92589.97084,,,,,86478.19533,,,,,82816.25934,,,,,77418.43837,,,,,74181.6202,,,,,67932.52451,66726.52328,,,
OECD members,OED,Renewable internal freshwater resources per capita (cubic meters),ER.H2O.INTR.PC,,,15629.93803,,,,,14648.05542,,,,,13805.88603,,,,,13108.29118,,,,,12510.38508,,,,,12014.25271,,,,,11441.34932,,,,,10858.11826,,,,,10466.23382,,,,,10087.52236,,,,,9761.825471,,,,,9447.862015,9391.902491,,,
Oman,OMN,Renewable internal freshwater resources per capita (cubic meters),ER.H2O.INTR.PC,,,2418.684685,,,,,2120.836155,,,,,1803.229068,,,,,1431.779784,,,,,1085.169531,,,,,864.2663521,,,,,705.9041826,,,,,622.2888763,,,,,599.6076853,,,,,526.8779246,,,,,400.2251552,,,,,300.0476218,289.8865219,,,
Other small states,OSS,Renewable internal freshwater resources per capita (cubic meters),ER.H2O.INTR.PC,,,67024.54563,,,,,60592.48745,,,,,54199.10072,,,,,48348.00469,,,,,42610.6166,,,,,36961.14566,,,,,30225.31535,,,,,26890.5225,,,,,24549.22974,,,,,21841.05561,,,,,19274.35634,,,,,17365.89912,17012.51906,,,
Pakistan,PAK,Renewable internal freshwater resources per capita (cubic meters),ER.H2O.INTR.PC,,,1165.28174,,,,,1025.052602,,,,,896.0284143,,,,,775.1045658,,,,,659.2226684,,,,,559.5927516,,,,,482.8325549,,,,,419.6633427,,,,,367.7707266,,,,,327.7553231,,,,,293.6777194,,,,,264.5423626,259.1548964,,,
Panama,PAN,Renewable internal freshwater resources per capita (cubic meters),ER.H2O.INTR.PC,,,113601.6806,,,,,98003.76518,,,,,84960.97455,,,,,74327.83909,,,,,65871.07016,,,,,58923.52839,,,,,53029.00019,,,,,47864.20861,,,,,43376.16438,,,,,39552.11715,,,,,36227.3198,,,,,33262.19866,32703.93031,,,
Peru,PER,Renewable internal freshwater resources per capita (cubic meters),ER.H2O.INTR.PC,,,152658.7886,,,,,132479.0092,,,,,115384.9886,,,,,100932.9191,,,,,89056.9085,,,,,79308.75245,,,,,71450.89556,,,,,65090.74606,,,,,60551.35161,,,,,57918.22624,,,,,55614.31792,,,,,52187.52054,51298.45903,,,
Philippines,PHL,Renewable internal freshwater resources per capita (cubic meters),ER.H2O.INTR.PC,,,17060.0176,,,,,14592.99408,,,,,12630.72404,,,,,10978.8316,,,,,9575.487264,,,,,8364.790797,,,,,7366.949962,,,,,6558.869434,,,,,5887.03336,,,,,5357.613306,,,,,4927.342832,,,,,4554.404265,4491.268065,,,
Palau,PLW,Renewable internal freshwater resources per capita (cubic meters),ER.H2O.INTR.PC,,,,,,,,,,,,,,,,,,,,,,,,,,,,,,,,,,,,,,,,,,,,,,,,,,,,,,,,,,,,,,
Papua New Guinea,PNG,Renewable internal freshwater resources per capita (cubic meters),ER.H2O.INTR.PC,,,342256.6463,,,,,308454.1863,,,,,274490.1029,,,,,242533.5399,,,,,212552.0335,,,,,186601.2824,,,,,165625.3567,,,,,147063.3325,,,,,131341.1671,,,,,117647.007,,,,,104966.5424,,,,,94927.28049,93071.09516,,,
Poland,POL,Renewable internal freshwater resources per capita (cubic meters),ER.H2O.INTR.PC,,,1768.480789,,,,,1675.672625,,,,,1621.507972,,,,,1545.15618,,,,,1479.41729,,,,,1422.956779,,,,,1397.155282,,,,,1386.816857,,,,,1402.026933,,,,,1406.065388,,,,,1408.185615,,,,,1411.461372,1411.464197,,,
Pre-demographic dividend,PRE,Renewable internal freshwater resources per capita (cubic meters),ER.H2O.INTR.PC,,,19188.07717,,,,,17027.46688,,,,,14982.41978,,,,,13008.75617,,,,,11307.36575,,,,,9933.515945,,,,,8602.953328,,,,,7418.744771,,,,,6466.156109,,,,,5604.12202,,,,,4602.795345,,,,,3990.783233,3882.395744,,,
Puerto Rico,PRI,Renewable internal freshwater resources per capita (cubic meters),ER.H2O.INTR.PC,,,2897.578359,,,,,2683.626176,,,,,2520.182759,,,,,2298.709161,,,,,2166.316344,,,,,2062.84411,,,,,1980.376975,,,,,1888.584174,,,,,1856.839748,,,,,1876.819821,,,,,1953.507619,,,,,2135.15469,2223.367657,,,
"Korea, Dem. People's Rep.",PRK,Renewable internal freshwater resources per capita (cubic meters),ER.H2O.INTR.PC,,,5643.66125,,,,,5067.042646,,,,,4405.64409,,,,,3988.910115,,,,,3720.451287,,,,,3447.922375,,,,,3200.014214,,,,,2999.740813,,,,,2870.675675,,,,,2769.930789,,,,,2701.543404,,,,,2634.702508,2622.349636,,,
Portugal,PRT,Renewable internal freshwater resources per capita (cubic meters),ER.H2O.INTR.PC,,,4225.045961,,,,,4281.921726,,,,,4403.02511,,,,,4018.750644,,,,,3833.825459,,,,,3788.622388,,,,,3818.138449,,,,,3759.035163,,,,,3646.962162,,,,,3604.299512,,,,,3613.938543,,,,,3689.212936,3695.124245,,,
Paraguay,PRY,Renewable internal freshwater resources per capita (cubic meters),ER.H2O.INTR.PC,,,58305.40571,,,,,51073.92755,,,,,45049.3984,,,,,39854.07278,,,,,34730.84928,,,,,30063.78919,,,,,26321.59728,,,,,23408.91411,,,,,21149.83519,,,,,19505.10384,,,,,18220.01367,,,,,17037.86396,16819.84466,,,
West Bank and Gaza,PSE,Renewable internal freshwater resources per capita (cubic meters),ER.H2O.INTR.PC,,,,,,,,,,,,,,,,,,,,,,,,,,,,,,,,,375.3019864,,,,,300.0164787,,,,,264.0330132,,,,,232.3654112,,,,,204.020203,,,,,182.275094,177.7160295,,,
Pacific island small states,PSS,Renewable internal freshwater resources per capita (cubic meters),ER.H2O.INTR.PC,,,134409.9908,,,,,115958.0958,,,,,102411.7059,,,,,90521.05598,,,,,79739.8065,,,,,72174.68945,,,,,67162.49355,,,,,61297.48052,,,,,57234.38187,,,,,53453.07095,,,,,49536.76049,,,,,46011.03248,45257.40352,,,
Post-demographic dividend,PST,Renewable internal freshwater resources per capita (cubic meters),ER.H2O.INTR.PC,,,12452.6167,,,,,11789.26103,,,,,11228.13088,,,,,10793.98956,,,,,10435.85663,,,,,10155.45856,,,,,9227.487509,,,,,8895.017767,,,,,8681.555165,,,,,8456.844899,,,,,8267.339127,,,,,8090.613185,8062.624598,,,
French Polynesia,PYF,Renewable internal freshwater resources per capita (cubic meters),ER.H2O.INTR.PC,,,,,,,,,,,,,,,,,,,,,,,,,,,,,,,,,,,,,,,,,,,,,,,,,,,,,,,,,,,,,,
Qatar,QAT,Renewable internal freshwater resources per capita (cubic meters),ER.H2O.INTR.PC,,,995.2724558,,,,,648.9142274,,,,,429.1023332,,,,,307.1539445,,,,,201.9990694,,,,,132.6530129,,,,,113.0392832,,,,,104.6103265,,,,,87.38094346,,,,,45.96037067,,,,,25.50000501,,,,,20.55251774,20.13170449,,,
Romania,ROU,Renewable internal freshwater resources per capita (cubic meters),ER.H2O.INTR.PC,,,2269.155706,,,,,2169.52365,,,,,2051.50974,,,,,1947.959781,,,,,1885.588555,,,,,1846.668959,,,,,1859.238044,,,,,1879.047678,,,,,1950.25461,,,,,2029.403655,,,,,2112.868982,,,,,2163.490561,2176.238333,,,
Russian Federation,RUS,Renewable internal freshwater resources per capita (cubic meters),ER.H2O.INTR.PC,,,,,,,,,,,,,,,,,,,,,,,,,,,,,,,,,29029.57008,,,,,29151.80662,,,,,29675.20441,,,,,30194.99708,,,,,30111.36996,,,,,29841.5039,29845.40351,,,
Rwanda,RWA,Renewable internal freshwater resources per capita (cubic meters),ER.H2O.INTR.PC,,,3111.757629,,,,,2777.049411,,,,,2382.610654,,,,,2040.647113,,,,,1725.751869,,,,,1401.183868,,,,,1417.43677,,,,,1479.774289,,,,,1127.320664,,,,,1024.395825,,,,,900.5022717,,,,,792.924774,772.2341033,,,
South Asia,SAS,Renewable internal freshwater resources per capita (cubic meters),ER.H2O.INTR.PC,,,3345.939029,,,,,2997.682204,,,,,2676.594801,,,,,2383.324478,,,,,2117.068599,,,,,1885.647886,,,,,1688.306488,,,,,1511.543366,,,,,1376.070562,,,,,1264.142848,,,,,1177.247953,,,,,1105.58236,1092.438214,,,
Saudi Arabia,SAU,Renewable internal freshwater resources per capita (cubic meters),ER.H2O.INTR.PC,,,550.10695,,,,,461.9716488,,,,,375.4121909,,,,,292.4085264,,,,,218.4031797,,,,,166.1398303,,,,,138.8673034,,,,,123.6658388,,,,,110.0648732,,,,,95.29637351,,,,,82.31890715,,,,,72.50496153,71.21079145,,,
Sudan,SDN,Renewable internal freshwater resources per capita (cubic meters),ER.H2O.INTR.PC,,,,,,,,,,,,,,,,,,,,,,,,,,,,,,,,,,,,,,,,,,,,,,,,,,,,,110.5162238,,,,,98.00703191,95.69027279,,,
Senegal,SEN,Renewable internal freshwater resources per capita (cubic meters),ER.H2O.INTR.PC,,,7617.803575,,,,,6615.98175,,,,,5704.322417,,,,,4979.248307,,,,,4365.678726,,,,,3752.320112,,,,,3228.999924,,,,,2825.577743,,,,,2508.826109,,,,,2207.56634,,,,,1925.087245,,,,,1673.221848,1627.316308,,,
Singapore,SGP,Renewable internal freshwater resources per capita (cubic meters),ER.H2O.INTR.PC,,,342.8179637,,,,,303.3980583,,,,,278.7585951,,,,,258.0312218,,,,,226.7174413,,,,,216.2326577,,,,,185.7183804,,,,,158.0595347,,,,,143.6798812,,,,,130.7588656,,,,,112.9425158,,,,,106.9089366,106.4079582,,,
Solomon Islands,SLB,Renewable internal freshwater resources per capita (cubic meters),ER.H2O.INTR.PC,,,357485.6046,,,,,307599.144,,,,,259055.3463,,,,,215022.7289,,,,,181374.7966,,,,,155819.1661,,,,,135452.9036,,,,,117632.1981,,,,,102656.2005,,,,,90829.10514,,,,,80386.14121,,,,,70279.70379,68468.39119,,,
Sierra Leone,SLE,Renewable internal freshwater resources per capita (cubic meters),ER.H2O.INTR.PC,,,66980.38605,,,,,61614.34197,,,,,56044.66199,,,,,50465.17855,,,,,45195.6463,,,,,39622.06493,,,,,36800.83869,,,,,36906.36969,,,,,32220.58211,,,,,26712.78629,,,,,23835.82125,,,,,21366.30296,20914.62532,,,
El Salvador,SLV,Renewable internal freshwater resources per capita (cubic meters),ER.H2O.INTR.PC,,,5332.310767,,,,,4614.180146,,,,,4041.568946,,,,,3602.668326,,,,,3299.378374,,,,,3084.342257,,,,,2885.719418,,,,,2720.016818,,,,,2621.542369,,,,,2559.856923,,,,,2505.642103,,,,,2446.727709,2434.29885,,,
San Marino,SMR,Renewable internal freshwater resources per capita (cubic meters),ER.H2O.INTR.PC,,,,,,,,,,,,,,,,,,,,,,,,,,,,,,,,,,,,,,,,,,,,,,,,,,,,,,,,,,,,,,
Somalia,SOM,Renewable internal freshwater resources per capita (cubic meters),ER.H2O.INTR.PC,,,2087.526507,,,,,1858.831074,,,,,1724.240989,,,,,1249.444518,,,,,907.9848185,,,,,874.3466263,,,,,822.4383103,,,,,756.0367646,,,,,631.4902064,,,,,541.510283,,,,,471.865529,,,,,411.2641128,399.7807869,,,
Serbia,SRB,Renewable internal freshwater resources per capita (cubic meters),ER.H2O.INTR.PC,,,,,,,,,,,,,,,,,,,,,,,,,,,,,,,,,,,,,,,,,,,,,,,,1138.916213,,,,,1167.788593,,,,,1197.431995,1203.992092,,,
Sub-Saharan Africa (excluding high income),SSA,Renewable internal freshwater resources per capita (cubic meters),ER.H2O.INTR.PC,,,18383.70809,,,,,16288.93616,,,,,14334.33087,,,,,12454.82411,,,,,10763.94034,,,,,9350.3435,,,,,8150.862649,,,,,6597.194878,,,,,5789.997009,,,,,5069.752418,,,,,4232.347386,,,,,3698.584111,3602.002462,,,
South Sudan,SSD,Renewable internal freshwater resources per capita (cubic meters),ER.H2O.INTR.PC,,,,,,,,,,,,,,,,,,,,,,,,,,,,,,,,,,,,,,,,,,,,,,,,,,,,,2570.783559,,,,,2382.965681,2368.821067,,,
Sub-Saharan Africa,SSF,Renewable internal freshwater resources per capita (cubic meters),ER.H2O.INTR.PC,,,18383.70809,,,,,16288.93616,,,,,14334.33087,,,,,12454.82411,,,,,10763.94034,,,,,9350.3435,,,,,8150.862649,,,,,6597.194878,,,,,5789.997009,,,,,5069.752418,,,,,4232.347386,,,,,3698.584111,3602.002462,,,
Small states,SST,Renewable internal freshwater resources per capita (cubic meters),ER.H2O.INTR.PC,,,76628.0877,,,,,69624.616,,,,,63276.26996,,,,,57474.16913,,,,,51731.93191,,,,,46224.94602,,,,,39602.82181,,,,,36087.81251,,,,,33417.60792,,,,,30390.48149,,,,,27393.67835,,,,,25059.85669,24622.1885,,,
Sao Tome and Principe,STP,Renewable internal freshwater resources per capita (cubic meters),ER.H2O.INTR.PC,,,33809.9817,,,,,32040.44739,,,,,27973.82266,,,,,24744.04667,,,,,21914.39313,,,,,19771.62862,,,,,17499.63877,,,,,16049.35545,,,,,14784.67277,,,,,13109.07593,,,,,11571.49378,,,,,10527.02742,10330.18689,,,
Suriname,SUR,Renewable internal freshwater resources per capita (cubic meters),ER.H2O.INTR.PC,,,325771.4861,,,,,284750.3257,,,,,269089.7428,,,,,276807.7081,,,,,274293.6937,,,,,259820.0156,,,,,235345.5776,,,,,217982.4513,,,,,205297.0794,,,,,193669.17,,,,,182910.9445,,,,,173531.6853,171878.8792,,,
Slovak Republic,SVK,Renewable internal freshwater resources per capita (cubic meters),ER.H2O.INTR.PC,,,,,,,,,,,,,,,,,,,,,,,,,,,,,,,,,,,,,,2340.575681,,,,,2343.352467,,,,,2344.350914,,,,,2330.063047,,,,,2316.503506,2313.297181,,,
Slovenia,SVN,Renewable internal freshwater resources per capita (cubic meters),ER.H2O.INTR.PC,,,,,,,,,,,,,,,,,,,,,,,,,,,,,,,,,9351.374256,,,,,9401.01392,,,,,9360.601244,,,,,9251.175102,,,,,9075.623226,,,,,9035.089248,9002.388743,,,
Sweden,SWE,Renewable internal freshwater resources per capita (cubic meters),ER.H2O.INTR.PC,,,22614.29742,,,,,21733.79507,,,,,21053.14997,,,,,20723.40436,,,,,20539.89165,,,,,20362.46619,,,,,19727.58171,,,,,19330.63549,,,,,19159.75403,,,,,18692.42242,,,,,17963.36608,,,,,17001.90242,16805.54335,,,
Eswatini,SWZ,Renewable internal freshwater resources per capita (cubic meters),ER.H2O.INTR.PC,,,7539.518213,,,,,6687.60766,,,,,5776.312306,,,,,4960.047196,,,,,4191.727055,,,,,3526.422791,,,,,3045.00026,,,,,2740.24928,,,,,2590.637984,,,,,2532.007354,,,,,2446.063829,,,,,2347.067233,2323.383268,,,
Sint Maarten (Dutch part),SXM,Renewable internal freshwater resources per capita (cubic meters),ER.H2O.INTR.PC,,,,,,,,,,,,,,,,,,,,,,,,,,,,,,,,,,,,,,,,,,,,,,,,,,,,,,,,,,,,,,
Seychelles,SYC,Renewable internal freshwater resources per capita (cubic meters),ER.H2O.INTR.PC,,,,,,,,,,,,,,,,,,,,,,,,,,,,,,,,,,,,,,,,,,,,,,,,,,,,,,,,,,,,,,
Syrian Arab Republic,SYR,Renewable internal freshwater resources per capita (cubic meters),ER.H2O.INTR.PC,,,1462.845629,,,,,1242.356771,,,,,1048.800703,,,,,884.7919498,,,,,743.6738196,,,,,627.7700397,,,,,540.8082353,,,,,469.9739867,,,,,417.4512901,,,,,358.7839719,,,,,348.9431236,,,,,417.181685,420.8895783,,,
Turks and Caicos Islands,TCA,Renewable internal freshwater resources per capita (cubic meters),ER.H2O.INTR.PC,,,,,,,,,,,,,,,,,,,,,,,,,,,,,,,,,,,,,,,,,,,,,,,,,,,,,,,,,,,,,,
Chad,TCD,Renewable internal freshwater resources per capita (cubic meters),ER.H2O.INTR.PC,,,4805.803873,,,,,4367.044882,,,,,3931.587237,,,,,3525.063909,,,,,3179.207474,,,,,2771.186459,,,,,2359.699727,,,,,1999.068701,,,,,1663.113886,,,,,1386.573952,,,,,1173.273028,,,,,998.8838472,969.1345506,,,
East Asia & Pacific (IDA & IBRD countries),TEA,Renewable internal freshwater resources per capita (cubic meters),ER.H2O.INTR.PC,,,9746.466,,,,,8571.960425,,,,,7505.021723,,,,,6802.779527,,,,,6284.134596,,,,,5784.00746,,,,,5343.53639,,,,,5018.042456,,,,,4773.875935,,,,,4589.021592,,,,,4418.628017,,,,,4247.570357,4219.634346,,,
Europe & Central Asia (IDA & IBRD countries),TEC,Renewable internal freshwater resources per capita (cubic meters),ER.H2O.INTR.PC,,,,,,,,,,,,,,,,,,,,,,,,,,,,,,,,,12164.52548,,,,,12069.85254,,,,,12083.41121,,,,,11835.88569,,,,,11590.76823,,,,,11282.36067,11233.1515,,,
Togo,TGO,Renewable internal freshwater resources per capita (cubic meters),ER.H2O.INTR.PC,,,7130.628779,,,,,6197.957369,,,,,5116.618867,,,,,4566.293448,,,,,3944.275279,,,,,3312.461943,,,,,2914.416019,,,,,2563.562415,,,,,2212.798054,,,,,1942.449446,,,,,1697.715923,,,,,1493.80215,1457.708394,,,
Thailand,THA,Renewable internal freshwater resources per capita (cubic meters),ER.H2O.INTR.PC,,,7720.175531,,,,,6646.475701,,,,,5748.030766,,,,,5055.859353,,,,,4558.03366,,,,,4161.764222,,,,,3883.515298,,,,,3689.771397,,,,,3504.185708,,,,,3392.308829,,,,,3309.601135,,,,,3243.903968,3233.688597,,,
Tajikistan,TJK,Renewable internal freshwater resources per capita (cubic meters),ER.H2O.INTR.PC,,,,,,,,,,,,,,,,,,,,,,,,,,,,,,,,,11532.96053,,,,,10686.37297,,,,,9874.182746,,,,,8985.27426,,,,,8058.578475,,,,,7146.179114,6972.97735,,,
Turkmenistan,TKM,Renewable internal freshwater resources per capita (cubic meters),ER.H2O.INTR.PC,,,,,,,,,,,,,,,,,,,,,,,,,,,,,,,,,360.2709135,,,,,322.6084211,,,,,304.7710443,,,,,288.4926148,,,,,266.7093908,,,,,244.0224487,240.1339144,,,
Latin America & the Caribbean (IDA & IBRD countries),TLA,Renewable internal freshwater resources per capita (cubic meters),ER.H2O.INTR.PC,,,62350.86556,,,,,54500.38669,,,,,48085.11799,,,,,42743.54635,,,,,38152.83833,,,,,34318.99635,,,,,31217.78543,,,,,28669.0537,,,,,26609.84102,,,,,24952.98162,,,,,23546.36358,,,,,22341.5948,22125.41791,,,
Timor-Leste,TLS,Renewable internal freshwater resources per capita (cubic meters),ER.H2O.INTR.PC,,,16711.5903,,,,,15243.84587,,,,,13687.44637,,,,,13253.91204,,,,,13396.21318,,,,,11966.93252,,,,,10488.96584,,,,,9531.599893,,,,,8903.228463,,,,,7926.568042,,,,,7250.64916,,,,,6607.628332,6478.834362,,,
Middle East & North Africa (IDA & IBRD countries),TMN,Renewable internal freshwater resources per capita (cubic meters),ER.H2O.INTR.PC,,,2187.14414,,,,,1913.605579,,,,,1677.39084,,,,,1470.789439,,,,,1269.041814,,,,,1089.167795,,,,,954.1336616,,,,,858.8923873,,,,,785.6906355,,,,,720.510178,,,,,659.3661228,,,,,604.2345238,594.2501902,,,
Tonga,TON,Renewable internal freshwater resources per capita (cubic meters),ER.H2O.INTR.PC,,,,,,,,,,,,,,,,,,,,,,,,,,,,,,,,,,,,,,,,,,,,,,,,,,,,,,,,,,,,,,
South Asia (IDA & IBRD),TSA,Renewable internal freshwater resources per capita (cubic meters),ER.H2O.INTR.PC,,,3345.939029,,,,,2997.682204,,,,,2676.594801,,,,,2383.324478,,,,,2117.068599,,,,,1885.647886,,,,,1688.306488,,,,,1511.543366,,,,,1376.070562,,,,,1264.142848,,,,,1177.247953,,,,,1105.58236,1092.438214,,,
Sub-Saharan Africa (IDA & IBRD countries),TSS,Renewable internal freshwater resources per capita (cubic meters),ER.H2O.INTR.PC,,,18383.70809,,,,,16288.93616,,,,,14334.33087,,,,,12454.82411,,,,,10763.94034,,,,,9350.3435,,,,,8150.862649,,,,,6597.194878,,,,,5789.997009,,,,,5069.752418,,,,,4232.347386,,,,,3698.584111,3602.002462,,,
Trinidad and Tobago,TTO,Renewable internal freshwater resources per capita (cubic meters),ER.H2O.INTR.PC,,,4366.434851,,,,,4150.305923,,,,,3966.384888,,,,,3695.114558,,,,,3428.513266,,,,,3214.64808,,,,,3105.075262,,,,,3048.010935,,,,,3006.553347,,,,,2934.770148,,,,,2855.413462,,,,,2774.446195,2762.905973,,,
Tunisia,TUN,Renewable internal freshwater resources per capita (cubic meters),ER.H2O.INTR.PC,,,974.3403576,,,,,884.9228967,,,,,792.8055963,,,,,708.6198922,,,,,622.3555453,,,,,544.7533371,,,,,487.0061082,,,,,446.5084476,,,,,424.9710346,,,,,407.0946456,,,,,386.7431278,,,,,366.9062621,362.7260153,,,
Turkiye,TUR,Renewable internal freshwater resources per capita (cubic meters),ER.H2O.INTR.PC,,,7872.969533,,,,,6989.347926,,,,,6204.34426,,,,,5522.00055,,,,,4932.058075,,,,,4442.189213,,,,,4071.82586,,,,,3759.98564,,,,,3484.515405,,,,,3262.344806,,,,,3040.814726,,,,,2798.445903,2756.858779,,,
Tuvalu,TUV,Renewable internal freshwater resources per capita (cubic meters),ER.H2O.INTR.PC,,,,,,,,,,,,,,,,,,,,,,,,,,,,,,,,,,,,,,,,,,,,,,,,,,,,,,,,,,,,,,
Tanzania,TZA,Renewable internal freshwater resources per capita (cubic meters),ER.H2O.INTR.PC,,,7885.877089,,,,,6802.617518,,,,,5821.875559,,,,,4968.878847,,,,,4258.918518,,,,,3656.75153,,,,,3115.587865,,,,,2692.924562,,,,,2377.260485,,,,,2064.824882,,,,,1785.219669,,,,,1536.763078,1491.65091,,,
Uganda,UGA,Renewable internal freshwater resources per capita (cubic meters),ER.H2O.INTR.PC,,,5404.806869,,,,,4561.166648,,,,,3927.633257,,,,,3430.496125,,,,,2949.631413,,,,,2497.957759,,,,,2101.104276,,,,,1800.937152,,,,,1549.632278,,,,,1322.646575,,,,,1128.514672,,,,,947.3702314,912.7283763,,,
Ukraine,UKR,Renewable internal freshwater resources per capita (cubic meters),ER.H2O.INTR.PC,,,,,,,,,,,,,,,,,,,,,,,,,,,,,,,,,1056.559489,,,,,1089.049029,,,,,1143.094949,,,,,1184.707894,,,,,1208.509786,,,,,1229.056547,1234.802572,,,
Upper middle income,UMC,Renewable internal freshwater resources per capita (cubic meters),ER.H2O.INTR.PC,,,16112.70475,,,,,14177.62121,,,,,12431.44417,,,,,11255.99476,,,,,10374.25366,,,,,9546.920483,,,,,10207.63823,,,,,9644.591232,,,,,9218.013408,,,,,8863.31918,,,,,8543.767124,,,,,8212.283809,8157.52991,,,
Uruguay,URY,Renewable internal freshwater resources per capita (cubic meters),ER.H2O.INTR.PC,,,35408.65699,,,,,33526.16332,,,,,32678.14017,,,,,32272.088,,,,,31213.47989,,,,,30233.66161,,,,,29228.46675,,,,,28194.35636,,,,,27720.60278,,,,,27673.11983,,,,,27286.38123,,,,,26828.49116,26730.13867,,,
United States,USA,Renewable internal freshwater resources per capita (cubic meters),ER.H2O.INTR.PC,,,15106.8415,,,,,14181.32775,,,,,13425.69654,,,,,12795.19068,,,,,12164.1688,,,,,11630.7385,,,,,10985.75516,,,,,10335.32974,,,,,9797.472783,,,,,9354.940439,,,,,8978.020233,,,,,8667.512166,8622.003207,,,
Uzbekistan,UZB,Renewable internal freshwater resources per capita (cubic meters),ER.H2O.INTR.PC,,,,,,,,,,,,,,,,,,,,,,,,,,,,,,,,,761.8070773,,,,,690.4128111,,,,,646.5692064,,,,,608.158404,,,,,548.7917513,,,,,504.4984964,495.8110942,,,
St. Vincent and the Grenadines,VCT,Renewable internal freshwater resources per capita (cubic meters),ER.H2O.INTR.PC,,,1201.359939,,,,,1139.224644,,,,,1080.952535,,,,,1023.457649,,,,,977.9472886,,,,,944.2424815,,,,,926.4320323,,,,,926.8270077,,,,,925.1121699,,,,,921.5230934,,,,,922.2114631,,,,,910.5312039,907.3586789,,,
"Venezuela, RB",VEN,Renewable internal freshwater resources per capita (cubic meters),ER.H2O.INTR.PC,,,92075.97583,,,,,77704.64532,,,,,66541.59602,,,,,57646.68198,,,,,50257.31119,,,,,44151.36228,,,,,39158.08845,,,,,35248.66709,,,,,32071.19311,,,,,29543.88535,,,,,27417.48385,,,,,27378.64289,27867.09383,,,
British Virgin Islands,VGB,Renewable internal freshwater resources per capita (cubic meters),ER.H2O.INTR.PC,,,,,,,,,,,,,,,,,,,,,,,,,,,,,,,,,,,,,,,,,,,,,,,,,,,,,,,,,,,,,,
Virgin Islands (U.S.),VIR,Renewable internal freshwater resources per capita (cubic meters),ER.H2O.INTR.PC,,,,,,,,,,,,,,,,,,,,,,,,,,,,,,,,,,,,,,,,,,,,,,,,,,,,,,,,,,,,,,
Vietnam,VNM,Renewable internal freshwater resources per capita (cubic meters),ER.H2O.INTR.PC,,,10362.87954,,,,,8969.142302,,,,,7890.933607,,,,,7066.688168,,,,,6326.223205,,,,,5642.211339,,,,,5070.574405,,,,,4659.730753,,,,,4408.200386,,,,,4207.699995,,,,,4002.364047,,,,,3799.339926,3761.749882,,,
Vanuatu,VUT,Renewable internal freshwater resources per capita (cubic meters),ER.H2O.INTR.PC,,,147507.8548,,,,,127380.4216,,,,,110129.7328,,,,,94156.63898,,,,,82373.67996,,,,,73488.88481,,,,,64442.9551,,,,,57169.97204,,,,,51565.79538,,,,,45565.55973,,,,,40079.35713,,,,,35026.39239,34167.59204,,,
World,WLD,Renewable internal freshwater resources per capita (cubic meters),ER.H2O.INTR.PC,,,13406.7031,,,,,12065.14496,,,,,10840.57232,,,,,9852.450782,,,,,9001.989558,,,,,8228.352339,,,,,8018.76944,,,,,7374.172217,,,,,6903.928702,,,,,6483.24416,,,,,6069.330561,,,,,5720.997375,5658.060037,,,
Samoa,WSM,Renewable internal freshwater resources per capita (cubic meters),ER.H2O.INTR.PC,,,,,,,,,,,,,,,,,,,,,,,,,,,,,,,,,,,,,,,,,,,,,,,,,,,,,,,,,,,,,,
Kosovo,XKX,Renewable internal freshwater resources per capita (cubic meters),ER.H2O.INTR.PC,,,,,,,,,,,,,,,,,,,,,,,,,,,,,,,,,,,,,,,,,,,,,,,,,,,,,,,,,,,,,,
"Yemen, Rep.",YEM,Renewable internal freshwater resources per capita (cubic meters),ER.H2O.INTR.PC,,,383.6547721,,,,,355.457878,,,,,328.6090308,,,,,292.5332151,,,,,245.8554335,,,,,203.4480768,,,,,162.1101242,,,,,131.4498366,,,,,113.860116,,,,,98.67255344,,,,,85.80823347,,,,,75.44509643,73.68761567,,,
South Africa,ZAF,Renewable internal freshwater resources per capita (cubic meters),ER.H2O.INTR.PC,,,2493.636079,,,,,2195.339872,,,,,1924.273234,,,,,1691.784442,,,,,1485.881735,,,,,1306.209009,,,,,1158.442599,,,,,1042.164486,,,,,970.7283581,,,,,912.0564622,,,,,847.9603497,,,,,785.8304801,775.1868235,,,
Zambia,ZMB,Renewable internal freshwater resources per capita (cubic meters),ER.H2O.INTR.PC,,,24596.36054,,,,,21117.06093,,,,,17957.22062,,,,,15167.72248,,,,,12799.50155,,,,,10877.76954,,,,,9489.612661,,,,,8356.247024,,,,,7309.712329,,,,,6414.482077,,,,,5544.360832,,,,,4758.624978,4622.021778,,,
Zimbabwe,ZWE,Renewable internal freshwater resources per capita (cubic meters),ER.H2O.INTR.PC,,,3035.247743,,,,,2564.947461,,,,,2160.765919,,,,,1826.354776,,,,,1540.541821,,,,,1286.841614,,,,,1124.717915,,,,,1052.066659,,,,,1025.572989,,,,,1000.3329,,,,,934.7968521,,,,,861.1607309,849.1003276,,,
